wavelength,d1A,d2A,d3A,d4A,d5A,d5B,d6A,h1A,h1B,h2A,h2B,h3A,h3B,h3C,h3D,h3E,h3F,h4A,h4B,h4C,o1A,o1B,o1C,o2A,o2B,o2C,o3A,o3B,o3C,o4A,o4B,o4C,o5A,o5B,o5C,o6A,o6B,o6C
400,1.33,1.132,0.971,1.128,1.662,1.398,0.96,0.924,1.302,1.124,1.411,0.728,0.717,0.578,0.612,0.441,0.61,0.471,0.505,0.407,0.635,0.704,0.66,0.725,0.742,0.676,0.554,0.566,0.836,0.68,0.619,0.713,0.752,0.725,0.692,0.845,0.778,0.885
401,1.351,1.155,0.983,1.146,1.689,1.429,0.979,0.939,1.325,1.136,1.441,0.742,0.731,0.582,0.624,0.449,0.621,0.477,0.506,0.411,0.638,0.701,0.66,0.726,0.745,0.684,0.56,0.572,0.846,0.684,0.621,0.72,0.766,0.733,0.701,0.855,0.785,0.896
402,1.392,1.187,1.008,1.175,1.736,1.475,1.006,0.97,1.365,1.169,1.481,0.753,0.746,0.598,0.64,0.459,0.629,0.482,0.516,0.418,0.641,0.714,0.674,0.734,0.753,0.696,0.56,0.577,0.847,0.694,0.629,0.731,0.774,0.741,0.709,0.873,0.801,0.906
403,1.422,1.218,1.032,1.202,1.773,1.513,1.028,0.995,1.401,1.201,1.516,0.773,0.76,0.605,0.646,0.47,0.647,0.492,0.523,0.427,0.644,0.719,0.676,0.739,0.76,0.7,0.564,0.579,0.855,0.697,0.631,0.741,0.785,0.743,0.717,0.886,0.814,0.919
404,1.464,1.254,1.069,1.236,1.817,1.558,1.063,1.023,1.444,1.241,1.559,0.787,0.778,0.618,0.665,0.485,0.659,0.504,0.532,0.434,0.654,0.733,0.69,0.752,0.772,0.716,0.571,0.587,0.864,0.712,0.638,0.75,0.794,0.753,0.728,0.9,0.831,0.932
405,1.507,1.288,1.098,1.271,1.865,1.597,1.089,1.048,1.486,1.277,1.598,0.796,0.793,0.631,0.68,0.498,0.673,0.509,0.538,0.441,0.656,0.736,0.695,0.759,0.779,0.719,0.578,0.589,0.869,0.717,0.643,0.764,0.802,0.76,0.736,0.919,0.845,0.943
406,1.544,1.315,1.124,1.297,1.9,1.64,1.113,1.074,1.522,1.307,1.639,0.812,0.806,0.639,0.69,0.509,0.683,0.516,0.545,0.451,0.662,0.743,0.698,0.758,0.788,0.725,0.582,0.593,0.877,0.724,0.649,0.776,0.811,0.764,0.742,0.935,0.862,0.953
407,1.578,1.345,1.146,1.326,1.936,1.679,1.139,1.104,1.554,1.337,1.671,0.826,0.825,0.652,0.701,0.521,0.694,0.521,0.55,0.461,0.662,0.749,0.704,0.77,0.793,0.735,0.588,0.602,0.888,0.733,0.653,0.787,0.819,0.777,0.754,0.953,0.87,0.965
408,1.615,1.373,1.171,1.356,1.978,1.719,1.16,1.13,1.59,1.367,1.711,0.849,0.837,0.664,0.716,0.534,0.714,0.525,0.555,0.46,0.672,0.757,0.714,0.775,0.804,0.739,0.591,0.603,0.897,0.741,0.662,0.793,0.832,0.784,0.761,0.962,0.885,0.981
409,1.65,1.402,1.2,1.382,2.019,1.757,1.189,1.154,1.629,1.401,1.748,0.859,0.857,0.674,0.729,0.549,0.72,0.538,0.566,0.474,0.676,0.767,0.722,0.778,0.813,0.747,0.598,0.601,0.901,0.747,0.664,0.806,0.84,0.793,0.765,0.982,0.9,0.988
410,1.671,1.429,1.223,1.404,2.051,1.794,1.212,1.175,1.661,1.425,1.779,0.87,0.866,0.686,0.74,0.559,0.732,0.537,0.569,0.477,0.682,0.775,0.73,0.788,0.813,0.759,0.6,0.607,0.908,0.754,0.67,0.814,0.851,0.794,0.772,0.995,0.914,0.996
411,1.706,1.452,1.244,1.43,2.084,1.825,1.229,1.193,1.69,1.451,1.81,0.884,0.879,0.695,0.749,0.568,0.745,0.544,0.576,0.481,0.681,0.78,0.734,0.788,0.821,0.759,0.594,0.609,0.912,0.758,0.676,0.822,0.855,0.795,0.772,1.004,0.923,1
412,1.729,1.471,1.263,1.445,2.106,1.851,1.251,1.203,1.71,1.474,1.838,0.896,0.888,0.703,0.758,0.577,0.756,0.551,0.576,0.485,0.684,0.783,0.738,0.794,0.829,0.766,0.606,0.612,0.921,0.763,0.681,0.829,0.867,0.808,0.777,1.015,0.931,1.013
413,1.748,1.492,1.269,1.454,2.134,1.875,1.258,1.225,1.735,1.483,1.86,0.901,0.902,0.709,0.769,0.584,0.76,0.555,0.579,0.488,0.683,0.785,0.741,0.797,0.834,0.77,0.606,0.613,0.929,0.768,0.683,0.837,0.865,0.812,0.784,1.027,0.94,1.013
414,1.767,1.506,1.291,1.477,2.154,1.904,1.277,1.234,1.756,1.504,1.882,0.91,0.91,0.719,0.782,0.595,0.766,0.558,0.584,0.493,0.687,0.793,0.746,0.798,0.837,0.774,0.61,0.619,0.93,0.773,0.685,0.841,0.872,0.812,0.784,1.037,0.945,1.025
415,1.786,1.518,1.302,1.488,2.175,1.917,1.288,1.25,1.771,1.518,1.902,0.918,0.924,0.722,0.788,0.605,0.771,0.556,0.584,0.495,0.688,0.795,0.745,0.805,0.842,0.779,0.614,0.618,0.934,0.777,0.684,0.847,0.878,0.817,0.786,1.045,0.954,1.026
416,1.796,1.533,1.31,1.498,2.188,1.936,1.299,1.261,1.781,1.524,1.915,0.927,0.928,0.732,0.793,0.608,0.779,0.559,0.59,0.493,0.695,0.803,0.751,0.804,0.85,0.783,0.617,0.621,0.941,0.783,0.692,0.852,0.881,0.827,0.789,1.049,0.962,1.03
417,1.812,1.547,1.325,1.511,2.204,1.953,1.312,1.263,1.796,1.543,1.927,0.935,0.941,0.738,0.805,0.616,0.788,0.562,0.594,0.496,0.69,0.803,0.753,0.809,0.851,0.788,0.619,0.622,0.947,0.787,0.696,0.858,0.886,0.831,0.793,1.058,0.966,1.037
418,1.823,1.559,1.332,1.518,2.228,1.975,1.316,1.276,1.816,1.553,1.949,0.942,0.954,0.746,0.809,0.624,0.791,0.561,0.596,0.497,0.696,0.81,0.761,0.81,0.857,0.792,0.624,0.623,0.95,0.788,0.694,0.858,0.897,0.832,0.794,1.064,0.978,1.044
419,1.839,1.571,1.349,1.534,2.247,1.987,1.328,1.287,1.833,1.568,1.962,0.954,0.958,0.753,0.818,0.633,0.803,0.562,0.602,0.497,0.703,0.817,0.76,0.815,0.861,0.795,0.621,0.627,0.955,0.79,0.698,0.863,0.905,0.838,0.799,1.071,0.982,1.051
420,1.866,1.591,1.362,1.552,2.271,2.013,1.347,1.303,1.846,1.582,1.986,0.964,0.97,0.761,0.825,0.64,0.809,0.565,0.603,0.493,0.701,0.818,0.766,0.818,0.866,0.803,0.624,0.63,0.961,0.794,0.7,0.87,0.908,0.842,0.802,1.083,0.989,1.061
421,1.893,1.61,1.382,1.58,2.299,2.043,1.366,1.317,1.869,1.611,2.01,0.975,0.983,0.771,0.839,0.65,0.822,0.572,0.612,0.498,0.707,0.826,0.775,0.821,0.88,0.814,0.636,0.635,0.973,0.803,0.707,0.882,0.919,0.854,0.809,1.096,1.004,1.069
422,1.928,1.635,1.402,1.601,2.329,2.078,1.381,1.343,1.897,1.636,2.037,0.996,1.006,0.786,0.851,0.663,0.838,0.575,0.618,0.502,0.715,0.837,0.783,0.834,0.886,0.819,0.637,0.641,0.983,0.816,0.716,0.893,0.931,0.86,0.819,1.111,1.02,1.083
423,1.956,1.664,1.424,1.634,2.369,2.112,1.409,1.366,1.927,1.661,2.062,1.013,1.014,0.798,0.864,0.676,0.853,0.58,0.624,0.507,0.719,0.846,0.791,0.833,0.896,0.831,0.644,0.643,0.993,0.818,0.725,0.906,0.946,0.872,0.822,1.134,1.035,1.101
424,2.003,1.706,1.451,1.664,2.411,2.151,1.436,1.408,1.971,1.697,2.103,1.04,1.035,0.815,0.885,0.697,0.871,0.592,0.639,0.515,0.728,0.864,0.809,0.848,0.914,0.839,0.653,0.649,1.007,0.831,0.731,0.923,0.962,0.884,0.832,1.158,1.058,1.116
425,2.047,1.744,1.486,1.706,2.459,2.202,1.476,1.434,2.015,1.737,2.143,1.062,1.053,0.832,0.899,0.717,0.888,0.597,0.647,0.526,0.735,0.873,0.818,0.858,0.933,0.854,0.665,0.657,1.027,0.839,0.749,0.938,0.975,0.903,0.845,1.179,1.084,1.136
426,2.1,1.791,1.53,1.759,3,2.25,1.512,1.47,2.067,1.781,2.197,1.083,1.077,0.85,0.92,0.736,0.911,0.619,0.664,0.536,0.748,0.888,0.833,0.871,0.944,0.877,0.676,0.671,1.037,0.853,0.753,0.962,0.997,0.915,0.86,1.208,1.111,1.155
427,2.145,1.823,1.561,1.789,3,2.298,1.546,1.493,2.106,1.821,2.241,1.106,1.1,0.866,0.936,0.743,0.93,0.625,0.676,0.54,0.758,0.905,0.846,0.878,0.961,0.884,0.678,0.667,1.054,0.865,0.769,0.969,1.015,0.923,0.869,1.232,1.131,1.174
428,2.193,1.866,1.592,1.831,3,2.35,1.582,1.537,2.155,1.865,2.286,1.133,1.123,0.89,0.957,0.769,0.952,0.631,0.687,0.545,0.767,0.918,0.86,0.893,0.98,0.897,0.689,0.682,1.069,0.878,0.777,0.984,1.036,0.942,0.882,1.258,1.16,1.198
429,2.246,1.911,1.63,1.882,3,2.407,1.62,1.579,2.211,1.916,2.337,1.148,1.155,0.905,0.977,0.78,0.966,0.647,0.694,0.553,0.775,0.934,0.87,0.907,0.996,0.918,0.707,0.694,1.079,0.896,0.791,0.999,1.045,0.959,0.902,1.28,1.176,1.215
430,2.294,1.946,1.67,1.915,3,2.451,1.656,1.597,2.245,1.955,2.379,1.171,1.176,0.924,0.997,0.808,0.987,0.66,0.703,0.566,0.781,0.947,0.884,0.917,1.007,0.929,0.712,0.697,1.097,0.906,0.802,1.021,1.064,0.981,0.904,1.316,1.206,1.233
431,2.325,1.984,1.695,1.947,3,2.491,1.682,1.637,2.283,1.985,2.423,1.191,1.198,0.933,1.015,0.821,1.003,0.665,0.713,0.572,0.786,0.952,0.891,0.938,1.02,0.94,0.72,0.707,1.111,0.924,0.811,1.035,1.077,0.98,0.918,1.332,1.221,1.245
432,2.353,2.006,1.723,1.972,3,3,1.71,1.655,2.318,2.018,2.451,1.214,1.211,0.944,1.031,0.843,1.021,0.681,0.718,0.571,0.798,0.967,0.901,0.943,1.037,0.95,0.731,0.713,1.118,0.929,0.82,1.044,1.096,0.998,0.928,1.354,1.248,1.265
433,2.37,2.02,1.735,1.984,3,3,1.718,1.671,2.334,2.029,2.479,1.219,1.227,0.959,1.043,0.851,1.021,0.681,0.72,0.573,0.8,0.971,0.906,0.95,1.042,0.961,0.732,0.72,1.125,0.936,0.825,1.041,1.097,1.006,0.933,1.352,1.251,1.265
434,2.373,2.025,1.735,1.98,3,3,1.719,1.671,2.338,2.029,2.483,1.222,1.232,0.96,1.049,0.866,1.024,0.689,0.72,0.579,0.8,0.969,0.904,0.949,1.046,0.964,0.731,0.72,1.131,0.944,0.83,1.055,1.102,1.007,0.938,1.36,1.26,1.266
435,2.359,2.013,1.734,1.971,3,3,1.71,1.659,2.323,2.02,2.477,1.223,1.239,0.957,1.047,0.861,1.022,0.673,0.719,0.568,0.79,0.969,0.903,0.952,1.045,0.961,0.736,0.717,1.131,0.945,0.828,1.042,1.098,1.009,0.93,1.349,1.256,1.265
436,2.328,1.991,1.706,1.942,3,3,1.684,1.641,2.292,1.989,2.454,1.214,1.229,0.957,1.045,0.854,1.015,0.666,0.714,0.554,0.793,0.964,0.896,0.949,1.05,0.951,0.741,0.712,1.13,0.935,0.826,1.024,1.093,1.017,0.914,1.335,1.241,1.254
437,2.293,1.951,1.682,1.898,3,2.457,1.662,1.606,2.254,1.949,2.423,1.205,1.222,0.95,1.034,0.852,1.008,0.652,0.699,0.541,0.782,0.949,0.882,0.935,1.035,0.944,0.73,0.704,1.121,0.929,0.818,1.014,1.083,1.001,0.905,1.318,1.227,1.241
438,2.235,1.904,1.64,1.845,3,2.406,1.616,1.561,2.195,1.899,2.376,1.177,1.195,0.938,1.016,0.842,0.991,0.643,0.693,0.527,0.776,0.936,0.873,0.922,1.025,0.922,0.727,0.698,1.113,0.92,0.81,0.998,1.064,0.992,0.89,1.293,1.206,1.22
439,2.165,1.852,1.591,1.785,3,2.349,1.565,1.51,2.134,1.838,2.316,1.155,1.172,0.915,0.999,0.816,0.967,0.617,0.674,0.504,0.757,0.918,0.853,0.909,1.011,0.912,0.711,0.683,1.097,0.904,0.79,0.966,1.044,0.976,0.869,1.257,1.17,1.194
440,2.1,1.796,1.544,1.731,3,2.275,1.518,1.464,2.067,1.777,2.257,1.126,1.16,0.896,0.988,0.799,0.946,0.611,0.656,0.487,0.746,0.901,0.835,0.902,0.999,0.904,0.702,0.681,1.078,0.898,0.782,0.95,1.029,0.964,0.855,1.234,1.146,1.168
441,2.037,1.739,1.497,1.675,2.459,2.213,1.472,1.421,2.005,1.714,2.196,1.109,1.134,0.888,0.967,0.793,0.923,0.595,0.645,0.471,0.733,0.888,0.827,0.885,0.998,0.887,0.701,0.67,1.078,0.885,0.777,0.93,1.007,0.959,0.842,1.208,1.131,1.148
442,1.974,1.68,1.447,1.619,2.388,2.142,1.423,1.362,1.933,1.656,2.127,1.085,1.113,0.874,0.946,0.778,0.904,0.574,0.634,0.455,0.724,0.877,0.812,0.873,0.972,0.87,0.689,0.655,1.057,0.869,0.766,0.911,0.99,0.94,0.821,1.177,1.101,1.128
443,1.918,1.633,1.409,1.565,2.328,2.082,1.382,1.323,1.878,1.607,2.069,1.067,1.096,0.852,0.931,0.759,0.894,0.567,0.615,0.443,0.71,0.859,0.792,0.859,0.963,0.859,0.682,0.653,1.048,0.856,0.758,0.898,0.978,0.929,0.811,1.162,1.083,1.11
444,1.858,1.586,1.37,1.524,2.268,2.027,1.346,1.277,1.819,1.563,2.015,1.047,1.074,0.841,0.913,0.747,0.879,0.551,0.601,0.431,0.695,0.847,0.778,0.848,0.956,0.848,0.672,0.638,1.038,0.843,0.745,0.883,0.962,0.922,0.794,1.137,1.058,1.091
445,1.808,1.532,1.331,1.477,2.213,1.976,1.301,1.236,1.76,1.509,1.959,1.029,1.053,0.828,0.891,0.729,0.86,0.536,0.591,0.408,0.69,0.832,0.768,0.832,0.936,0.832,0.657,0.631,1.019,0.83,0.732,0.858,0.946,0.901,0.778,1.107,1.039,1.078
446,1.766,1.497,1.294,1.438,2.161,1.919,1.274,1.199,1.704,1.467,1.902,1.012,1.04,0.807,0.884,0.708,0.839,0.518,0.577,0.393,0.678,0.817,0.753,0.831,0.924,0.825,0.65,0.631,1.007,0.827,0.721,0.842,0.939,0.884,0.769,1.086,1.015,1.067
447,1.72,1.456,1.266,1.41,2.115,1.878,1.244,1.159,1.659,1.44,1.861,0.989,1.018,0.804,0.863,0.7,0.832,0.519,0.577,0.386,0.675,0.816,0.751,0.813,0.916,0.811,0.643,0.617,1.001,0.808,0.712,0.835,0.919,0.886,0.753,1.077,1.005,1.051
448,1.69,1.431,1.237,1.376,2.074,1.838,1.211,1.138,1.625,1.403,1.815,0.98,1.001,0.79,0.855,0.689,0.821,0.507,0.569,0.377,0.67,0.801,0.736,0.809,0.91,0.809,0.636,0.615,0.989,0.802,0.708,0.822,0.914,0.874,0.749,1.069,0.992,1.037
449,1.654,1.399,1.212,1.345,2.04,1.802,1.195,1.113,1.59,1.372,1.779,0.971,0.989,0.777,0.841,0.682,0.81,0.498,0.55,0.37,0.649,0.787,0.723,0.802,0.905,0.794,0.637,0.607,0.986,0.789,0.698,0.813,0.905,0.86,0.738,1.05,0.978,1.025
450,1.618,1.37,1.189,1.318,2.006,1.765,1.166,1.084,1.554,1.341,1.736,0.958,0.975,0.768,0.828,0.662,0.796,0.481,0.554,0.354,0.66,0.787,0.722,0.787,0.891,0.786,0.625,0.594,0.972,0.778,0.694,0.79,0.899,0.847,0.728,1.031,0.953,1.015
451,1.592,1.345,1.16,1.295,1.967,1.73,1.144,1.057,1.511,1.316,1.703,0.941,0.962,0.758,0.816,0.65,0.783,0.48,0.537,0.352,0.643,0.77,0.707,0.781,0.877,0.784,0.615,0.594,0.966,0.77,0.679,0.794,0.887,0.842,0.719,1.013,0.95,1.007
452,1.557,1.321,1.151,1.27,1.93,1.697,1.127,1.042,1.482,1.299,1.666,0.927,0.942,0.744,0.801,0.644,0.771,0.475,0.529,0.341,0.636,0.768,0.704,0.762,0.873,0.768,0.611,0.584,0.954,0.759,0.68,0.783,0.869,0.838,0.702,1.006,0.938,0.99
453,1.523,1.286,1.116,1.242,1.895,1.672,1.093,1.022,1.448,1.258,1.641,0.9,0.926,0.727,0.789,0.619,0.751,0.45,0.514,0.32,0.623,0.753,0.688,0.753,0.855,0.756,0.602,0.571,0.942,0.745,0.661,0.758,0.853,0.808,0.696,0.977,0.91,0.97
454,1.493,1.26,1.095,1.218,1.863,1.64,1.079,0.995,1.418,1.232,1.605,0.891,0.922,0.717,0.773,0.612,0.736,0.439,0.508,0.315,0.612,0.745,0.683,0.742,0.843,0.745,0.595,0.567,0.93,0.738,0.658,0.755,0.838,0.81,0.69,0.969,0.903,0.956
455,1.462,1.239,1.077,1.2,1.83,1.604,1.059,0.98,1.39,1.221,1.569,0.875,0.897,0.696,0.763,0.6,0.724,0.433,0.489,0.305,0.601,0.72,0.663,0.728,0.825,0.729,0.581,0.558,0.905,0.724,0.64,0.736,0.833,0.79,0.676,0.945,0.882,0.94
456,1.438,1.214,1.06,1.178,1.792,1.566,1.043,0.95,1.359,1.191,1.539,0.85,0.871,0.676,0.738,0.579,0.695,0.415,0.481,0.288,0.588,0.707,0.649,0.709,0.806,0.714,0.569,0.546,0.889,0.703,0.629,0.725,0.808,0.772,0.652,0.926,0.859,0.913
457,1.399,1.183,1.022,1.133,1.742,1.526,1.004,0.93,1.325,1.156,1.507,0.83,0.856,0.668,0.726,0.557,0.685,0.39,0.467,0.277,0.574,0.691,0.635,0.701,0.791,0.7,0.557,0.532,0.874,0.692,0.618,0.696,0.789,0.76,0.646,0.896,0.832,0.895
458,1.364,1.162,1.007,1.109,1.698,1.485,0.986,0.912,1.295,1.129,1.462,0.809,0.832,0.64,0.704,0.549,0.666,0.383,0.454,0.27,0.561,0.677,0.622,0.675,0.771,0.676,0.546,0.525,0.856,0.673,0.603,0.685,0.771,0.737,0.626,0.878,0.819,0.874
459,1.333,1.137,0.984,1.082,1.666,1.463,0.964,0.893,1.27,1.106,1.438,0.785,0.821,0.623,0.692,0.524,0.646,0.355,0.433,0.251,0.546,0.661,0.606,0.669,0.746,0.669,0.53,0.521,0.831,0.666,0.583,0.662,0.746,0.715,0.615,0.842,0.795,0.848
460,1.307,1.109,0.964,1.058,1.622,1.422,0.942,0.867,1.233,1.083,1.403,0.769,0.788,0.61,0.67,0.511,0.624,0.348,0.426,0.241,0.535,0.648,0.592,0.638,0.714,0.642,0.511,0.499,0.804,0.633,0.565,0.646,0.73,0.691,0.59,0.817,0.77,0.831
461,1.276,1.082,0.949,1.04,1.592,1.398,0.925,0.85,1.215,1.068,1.384,0.748,0.774,0.595,0.652,0.493,0.611,0.324,0.408,0.233,0.521,0.634,0.58,0.627,0.713,0.624,0.509,0.485,0.791,0.617,0.559,0.631,0.712,0.687,0.583,0.79,0.757,0.811
462,1.256,1.075,0.94,1.024,1.562,1.371,0.922,0.839,1.205,1.053,1.364,0.731,0.754,0.581,0.638,0.483,0.602,0.319,0.4,0.224,0.509,0.62,0.566,0.608,0.689,0.609,0.491,0.476,0.771,0.612,0.544,0.618,0.693,0.657,0.566,0.779,0.73,0.789
463,1.24,1.052,0.921,0.999,1.532,1.354,0.891,0.816,1.184,1.025,1.349,0.718,0.737,0.572,0.628,0.467,0.585,0.298,0.387,0.213,0.495,0.601,0.558,0.594,0.672,0.597,0.479,0.467,0.752,0.594,0.535,0.6,0.685,0.649,0.551,0.754,0.714,0.772
464,1.214,1.032,0.91,0.983,1.492,1.331,0.888,0.813,1.164,1.017,1.323,0.693,0.716,0.556,0.611,0.449,0.575,0.279,0.37,0.207,0.486,0.589,0.541,0.578,0.655,0.581,0.47,0.457,0.742,0.581,0.521,0.587,0.667,0.632,0.539,0.734,0.696,0.754
465,1.192,1.021,0.897,0.96,1.472,1.297,0.867,0.806,1.16,1.003,1.309,0.692,0.709,0.549,0.607,0.443,0.566,0.27,0.365,0.196,0.479,0.583,0.531,0.562,0.639,0.57,0.463,0.449,0.717,0.572,0.508,0.572,0.658,0.617,0.532,0.712,0.679,0.74
466,1.172,1.007,0.89,0.951,1.442,1.294,0.855,0.793,1.146,0.994,1.297,0.673,0.679,0.532,0.582,0.432,0.557,0.256,0.348,0.191,0.462,0.565,0.52,0.535,0.618,0.546,0.442,0.429,0.694,0.544,0.489,0.551,0.639,0.594,0.506,0.689,0.657,0.719
467,1.159,0.99,0.882,0.939,1.411,1.266,0.85,0.786,1.132,0.982,1.282,0.661,0.683,0.517,0.581,0.419,0.538,0.229,0.332,0.167,0.451,0.549,0.513,0.536,0.603,0.534,0.434,0.43,0.682,0.549,0.483,0.534,0.621,0.587,0.499,0.667,0.638,0.702
468,1.143,0.985,0.875,0.918,1.389,1.265,0.839,0.779,1.128,0.975,1.272,0.647,0.665,0.504,0.569,0.415,0.528,0.233,0.333,0.166,0.446,0.539,0.498,0.518,0.588,0.529,0.433,0.42,0.663,0.531,0.477,0.526,0.605,0.571,0.489,0.647,0.629,0.684
469,1.123,0.97,0.867,0.906,1.361,1.248,0.824,0.78,1.119,0.961,1.254,0.632,0.652,0.505,0.562,0.398,0.517,0.21,0.324,0.154,0.441,0.535,0.491,0.511,0.566,0.516,0.42,0.411,0.644,0.516,0.457,0.512,0.593,0.549,0.477,0.632,0.608,0.669
470,1.117,0.958,0.851,0.889,1.349,1.248,0.817,0.763,1.106,0.948,1.237,0.628,0.641,0.489,0.549,0.387,0.511,0.199,0.307,0.154,0.424,0.519,0.479,0.489,0.565,0.496,0.413,0.402,0.639,0.501,0.455,0.501,0.585,0.542,0.46,0.614,0.597,0.653
471,1.092,0.943,0.847,0.881,1.321,1.243,0.803,0.754,1.097,0.949,1.23,0.612,0.629,0.486,0.539,0.378,0.499,0.193,0.298,0.147,0.414,0.508,0.475,0.477,0.554,0.495,0.412,0.395,0.629,0.497,0.452,0.485,0.572,0.543,0.462,0.597,0.583,0.641
472,1.067,0.932,0.835,0.863,1.302,1.235,0.789,0.748,1.081,0.932,1.215,0.604,0.615,0.473,0.531,0.37,0.494,0.187,0.296,0.143,0.406,0.495,0.46,0.467,0.537,0.479,0.4,0.385,0.613,0.478,0.435,0.476,0.564,0.528,0.449,0.587,0.566,0.632
473,1.053,0.914,0.823,0.849,1.276,1.214,0.78,0.745,1.074,0.914,1.197,0.591,0.606,0.468,0.516,0.355,0.49,0.17,0.284,0.135,0.399,0.485,0.454,0.451,0.518,0.466,0.386,0.372,0.592,0.468,0.425,0.463,0.55,0.5,0.436,0.57,0.544,0.62
474,1.035,0.896,0.809,0.834,1.246,1.193,0.762,0.723,1.051,0.901,1.164,0.574,0.586,0.449,0.507,0.355,0.473,0.168,0.277,0.134,0.386,0.478,0.438,0.438,0.507,0.452,0.376,0.368,0.578,0.458,0.411,0.456,0.537,0.49,0.424,0.553,0.542,0.6
475,1.017,0.876,0.795,0.819,1.222,1.182,0.752,0.707,1.027,0.886,1.154,0.561,0.576,0.439,0.495,0.338,0.459,0.153,0.269,0.121,0.378,0.465,0.429,0.435,0.493,0.445,0.37,0.363,0.566,0.444,0.396,0.437,0.525,0.476,0.418,0.537,0.522,0.591
476,0.983,0.857,0.773,0.798,1.186,1.157,0.729,0.693,1.007,0.86,1.111,0.544,0.557,0.436,0.482,0.327,0.442,0.158,0.269,0.12,0.373,0.462,0.424,0.423,0.483,0.435,0.364,0.351,0.555,0.436,0.394,0.428,0.508,0.463,0.398,0.526,0.508,0.572
477,0.957,0.827,0.753,0.771,1.157,1.134,0.705,0.671,0.975,0.839,1.087,0.526,0.546,0.414,0.469,0.312,0.434,0.147,0.256,0.112,0.36,0.442,0.408,0.408,0.475,0.422,0.358,0.346,0.542,0.424,0.384,0.412,0.494,0.458,0.397,0.51,0.492,0.564
478,0.919,0.802,0.726,0.744,1.115,1.099,0.676,0.648,0.946,0.812,1.043,0.511,0.519,0.391,0.446,0.297,0.41,0.134,0.247,0.099,0.344,0.426,0.393,0.39,0.447,0.405,0.338,0.328,0.523,0.408,0.364,0.404,0.471,0.431,0.376,0.488,0.473,0.536
479,0.884,0.769,0.699,0.725,1.077,1.057,0.66,0.618,0.906,0.783,1,0.491,0.505,0.383,0.432,0.275,0.395,0.123,0.24,0.092,0.34,0.416,0.389,0.387,0.44,0.392,0.332,0.323,0.514,0.399,0.36,0.384,0.467,0.422,0.365,0.466,0.453,0.526
480,0.849,0.745,0.672,0.7,1.043,1.037,0.633,0.601,0.87,0.759,0.969,0.476,0.485,0.363,0.417,0.258,0.388,0.115,0.233,0.085,0.33,0.404,0.37,0.373,0.422,0.379,0.32,0.315,0.494,0.383,0.344,0.365,0.455,0.403,0.352,0.447,0.422,0.514
481,0.819,0.714,0.645,0.673,0.999,0.993,0.607,0.571,0.833,0.729,0.927,0.453,0.467,0.347,0.396,0.242,0.364,0.107,0.225,0.081,0.319,0.391,0.358,0.359,0.409,0.37,0.311,0.298,0.481,0.369,0.331,0.356,0.432,0.388,0.341,0.425,0.411,0.49
482,0.777,0.672,0.614,0.642,0.961,0.956,0.578,0.539,0.788,0.695,0.886,0.434,0.452,0.335,0.388,0.223,0.35,0.098,0.222,0.064,0.307,0.379,0.352,0.357,0.394,0.359,0.299,0.298,0.464,0.362,0.322,0.337,0.418,0.369,0.333,0.408,0.393,0.474
483,0.746,0.655,0.587,0.615,0.928,0.912,0.552,0.521,0.755,0.659,0.839,0.406,0.424,0.311,0.362,0.21,0.333,0.094,0.199,0.063,0.287,0.354,0.33,0.332,0.386,0.343,0.291,0.283,0.455,0.343,0.31,0.325,0.399,0.361,0.318,0.388,0.375,0.458
484,0.718,0.625,0.565,0.599,0.888,0.876,0.536,0.501,0.722,0.639,0.803,0.392,0.417,0.308,0.354,0.193,0.319,0.085,0.205,0.059,0.287,0.352,0.329,0.331,0.368,0.34,0.277,0.278,0.431,0.342,0.299,0.309,0.387,0.349,0.314,0.371,0.358,0.443
485,0.688,0.599,0.546,0.578,0.86,0.845,0.519,0.48,0.693,0.622,0.77,0.375,0.397,0.286,0.336,0.186,0.304,0.085,0.188,0.058,0.279,0.338,0.31,0.321,0.357,0.321,0.274,0.268,0.423,0.331,0.283,0.309,0.37,0.331,0.3,0.364,0.353,0.43
486,0.663,0.576,0.52,0.553,0.834,0.822,0.495,0.457,0.67,0.588,0.749,0.363,0.382,0.289,0.326,0.174,0.298,0.082,0.199,0.05,0.275,0.339,0.311,0.307,0.346,0.31,0.265,0.259,0.417,0.316,0.283,0.297,0.365,0.326,0.287,0.353,0.338,0.414
487,0.64,0.543,0.507,0.545,0.802,0.794,0.481,0.437,0.639,0.573,0.721,0.36,0.369,0.277,0.311,0.158,0.287,0.071,0.186,0.05,0.268,0.326,0.302,0.298,0.337,0.301,0.257,0.245,0.408,0.306,0.276,0.282,0.355,0.32,0.276,0.335,0.32,0.403
488,0.613,0.538,0.482,0.507,0.775,0.762,0.45,0.423,0.615,0.537,0.689,0.347,0.352,0.265,0.304,0.152,0.276,0.067,0.178,0.046,0.26,0.321,0.289,0.286,0.325,0.294,0.244,0.243,0.385,0.297,0.263,0.266,0.34,0.302,0.271,0.324,0.31,0.392
489,0.591,0.51,0.461,0.489,0.747,0.731,0.427,0.406,0.583,0.51,0.654,0.327,0.336,0.254,0.29,0.138,0.265,0.06,0.176,0.04,0.253,0.31,0.284,0.278,0.31,0.282,0.239,0.238,0.38,0.288,0.253,0.256,0.332,0.289,0.258,0.302,0.295,0.378
490,0.566,0.492,0.441,0.473,0.711,0.699,0.419,0.378,0.564,0.496,0.637,0.31,0.33,0.238,0.281,0.131,0.25,0.063,0.169,0.039,0.243,0.298,0.275,0.284,0.309,0.278,0.239,0.239,0.378,0.281,0.257,0.252,0.325,0.29,0.265,0.297,0.29,0.365
491,0.544,0.469,0.416,0.452,0.697,0.672,0.397,0.376,0.533,0.471,0.608,0.304,0.317,0.233,0.264,0.122,0.242,0.049,0.172,0.029,0.242,0.292,0.264,0.267,0.295,0.27,0.224,0.226,0.362,0.272,0.244,0.246,0.31,0.273,0.247,0.282,0.269,0.353
492,0.515,0.453,0.408,0.445,0.664,0.641,0.382,0.358,0.519,0.456,0.583,0.287,0.31,0.225,0.273,0.11,0.236,0.053,0.164,0.031,0.236,0.276,0.254,0.268,0.286,0.268,0.218,0.234,0.348,0.269,0.236,0.232,0.305,0.27,0.258,0.269,0.254,0.351
493,0.487,0.431,0.388,0.421,0.639,0.609,0.368,0.342,0.501,0.439,0.553,0.273,0.295,0.214,0.249,0.1,0.22,0.039,0.159,0.024,0.228,0.278,0.25,0.256,0.282,0.248,0.215,0.219,0.347,0.255,0.233,0.22,0.296,0.26,0.243,0.259,0.245,0.331
494,0.481,0.413,0.372,0.402,0.624,0.587,0.358,0.32,0.467,0.417,0.538,0.266,0.288,0.205,0.247,0.1,0.211,0.043,0.155,0.022,0.223,0.261,0.237,0.25,0.268,0.252,0.205,0.218,0.328,0.251,0.218,0.215,0.284,0.247,0.234,0.247,0.236,0.316
495,0.458,0.394,0.364,0.398,0.596,0.573,0.35,0.31,0.448,0.408,0.513,0.264,0.284,0.2,0.236,0.087,0.213,0.048,0.154,0.023,0.213,0.262,0.237,0.246,0.272,0.242,0.208,0.211,0.327,0.244,0.214,0.203,0.28,0.25,0.23,0.231,0.225,0.323
496,0.434,0.384,0.333,0.35,0.57,0.534,0.315,0.299,0.439,0.369,0.489,0.248,0.263,0.188,0.219,0.094,0.199,0.049,0.142,0.029,0.208,0.247,0.225,0.236,0.251,0.226,0.197,0.195,0.312,0.233,0.206,0.215,0.26,0.234,0.219,0.233,0.226,0.301
497,0.409,0.359,0.324,0.346,0.533,0.505,0.301,0.285,0.405,0.348,0.468,0.251,0.245,0.181,0.205,0.07,0.198,0.035,0.143,0.016,0.201,0.237,0.215,0.225,0.249,0.213,0.185,0.188,0.302,0.211,0.199,0.186,0.266,0.218,0.206,0.207,0.204,0.299
498,0.387,0.343,0.304,0.335,0.518,0.481,0.293,0.269,0.387,0.344,0.441,0.222,0.238,0.168,0.2,0.06,0.18,0.028,0.134,0.008,0.197,0.23,0.211,0.217,0.236,0.211,0.181,0.182,0.292,0.213,0.198,0.174,0.245,0.222,0.2,0.195,0.189,0.278
499,0.367,0.321,0.288,0.31,0.491,0.459,0.28,0.259,0.369,0.313,0.423,0.219,0.228,0.166,0.197,0.047,0.17,0.022,0.126,0,0.188,0.226,0.204,0.21,0.23,0.202,0.18,0.181,0.29,0.207,0.188,0.167,0.239,0.213,0.198,0.178,0.168,0.275
500,0.352,0.319,0.276,0.304,0.471,0.429,0.264,0.241,0.351,0.304,0.4,0.215,0.22,0.16,0.187,0.049,0.164,0.028,0.13,0.009,0.179,0.218,0.202,0.203,0.218,0.194,0.171,0.174,0.276,0.199,0.184,0.158,0.231,0.205,0.19,0.175,0.171,0.263
501,0.332,0.292,0.265,0.289,0.454,0.414,0.252,0.219,0.335,0.29,0.392,0.208,0.213,0.152,0.178,0.045,0.161,0.027,0.132,0.004,0.182,0.22,0.2,0.205,0.218,0.191,0.169,0.165,0.268,0.197,0.179,0.155,0.223,0.194,0.182,0.167,0.153,0.265
502,0.321,0.293,0.254,0.274,0.435,0.39,0.244,0.219,0.325,0.274,0.374,0.198,0.206,0.152,0.167,0.042,0.161,0.025,0.127,0.003,0.176,0.213,0.198,0.189,0.21,0.178,0.163,0.161,0.264,0.177,0.171,0.152,0.22,0.197,0.177,0.158,0.156,0.256
503,0.299,0.272,0.243,0.262,0.42,0.371,0.233,0.205,0.305,0.263,0.356,0.189,0.199,0.14,0.172,0.036,0.135,0.018,0.109,-0.002,0.167,0.2,0.179,0.193,0.204,0.178,0.154,0.163,0.254,0.185,0.168,0.138,0.205,0.184,0.174,0.145,0.146,0.241
504,0.287,0.254,0.232,0.25,0.407,0.359,0.219,0.189,0.288,0.247,0.346,0.18,0.186,0.133,0.157,0.027,0.141,0.016,0.114,-0.002,0.165,0.196,0.181,0.181,0.2,0.169,0.152,0.153,0.255,0.166,0.167,0.129,0.2,0.185,0.165,0.14,0.136,0.23
505,0.28,0.246,0.222,0.238,0.388,0.341,0.207,0.186,0.276,0.232,0.327,0.169,0.184,0.136,0.155,0.015,0.131,0.015,0.117,-0.008,0.163,0.195,0.179,0.182,0.191,0.162,0.147,0.15,0.24,0.174,0.155,0.124,0.197,0.169,0.162,0.125,0.13,0.226
506,0.265,0.237,0.207,0.23,0.364,0.324,0.199,0.177,0.258,0.212,0.316,0.165,0.171,0.129,0.148,0.018,0.133,0.011,0.106,-0.007,0.153,0.189,0.17,0.182,0.192,0.158,0.152,0.15,0.239,0.17,0.151,0.117,0.191,0.169,0.162,0.12,0.121,0.221
507,0.252,0.226,0.203,0.225,0.357,0.302,0.192,0.17,0.248,0.215,0.302,0.155,0.171,0.12,0.143,0.013,0.125,0.013,0.108,-0.006,0.154,0.182,0.166,0.179,0.187,0.155,0.143,0.146,0.235,0.163,0.151,0.112,0.18,0.161,0.156,0.117,0.114,0.208
508,0.244,0.218,0.198,0.218,0.331,0.284,0.186,0.163,0.238,0.199,0.28,0.159,0.161,0.119,0.139,0.011,0.124,0.012,0.111,-0.016,0.156,0.179,0.161,0.167,0.174,0.15,0.138,0.129,0.22,0.156,0.144,0.109,0.186,0.161,0.147,0.108,0.104,0.215
509,0.233,0.202,0.188,0.198,0.323,0.281,0.178,0.151,0.224,0.19,0.271,0.147,0.158,0.12,0.127,0.001,0.114,0.009,0.102,-0.02,0.147,0.176,0.157,0.167,0.176,0.147,0.14,0.137,0.222,0.155,0.146,0.1,0.169,0.16,0.143,0.098,0.099,0.197
510,0.215,0.195,0.171,0.186,0.321,0.266,0.165,0.142,0.208,0.172,0.266,0.142,0.163,0.108,0.132,0,0.109,0.006,0.098,-0.019,0.141,0.166,0.151,0.168,0.156,0.157,0.122,0.144,0.206,0.156,0.126,0.092,0.167,0.142,0.149,0.091,0.093,0.197
511,0.209,0.186,0.17,0.186,0.305,0.25,0.157,0.137,0.205,0.171,0.257,0.137,0.146,0.109,0.121,-0.001,0.103,0.001,0.102,-0.014,0.139,0.166,0.154,0.159,0.165,0.14,0.13,0.131,0.204,0.141,0.128,0.097,0.164,0.148,0.136,0.085,0.091,0.196
512,0.2,0.177,0.156,0.179,0.287,0.233,0.157,0.127,0.2,0.159,0.241,0.142,0.144,0.1,0.117,-0.012,0.107,-0.006,0.091,-0.019,0.135,0.159,0.149,0.157,0.16,0.135,0.127,0.126,0.205,0.14,0.133,0.081,0.163,0.148,0.134,0.076,0.077,0.189
513,0.197,0.177,0.152,0.161,0.279,0.234,0.144,0.124,0.19,0.157,0.236,0.138,0.135,0.095,0.114,-0.009,0.102,0.003,0.085,-0.019,0.126,0.151,0.139,0.154,0.15,0.131,0.121,0.121,0.195,0.138,0.124,0.082,0.158,0.141,0.132,0.076,0.081,0.185
514,0.184,0.163,0.145,0.165,0.265,0.216,0.142,0.12,0.18,0.144,0.228,0.135,0.131,0.091,0.107,-0.015,0.104,-0.007,0.081,-0.029,0.117,0.146,0.133,0.149,0.159,0.127,0.124,0.112,0.198,0.129,0.128,0.074,0.154,0.142,0.118,0.069,0.07,0.176
515,0.179,0.15,0.132,0.153,0.26,0.205,0.139,0.105,0.172,0.144,0.218,0.135,0.136,0.092,0.114,-0.011,0.102,-0.004,0.089,-0.02,0.128,0.156,0.139,0.158,0.151,0.135,0.116,0.121,0.193,0.137,0.12,0.073,0.153,0.137,0.129,0.068,0.074,0.177
516,0.166,0.156,0.137,0.153,0.253,0.203,0.137,0.121,0.177,0.139,0.215,0.127,0.128,0.103,0.108,-0.014,0.095,-0.005,0.097,-0.017,0.133,0.156,0.146,0.147,0.147,0.123,0.117,0.112,0.187,0.132,0.122,0.073,0.153,0.129,0.12,0.067,0.069,0.165
517,0.163,0.147,0.134,0.146,0.244,0.189,0.135,0.113,0.169,0.131,0.204,0.117,0.126,0.087,0.105,-0.023,0.09,-0.01,0.085,-0.026,0.113,0.141,0.131,0.149,0.132,0.125,0.105,0.118,0.171,0.126,0.108,0.064,0.145,0.112,0.125,0.049,0.059,0.161
518,0.165,0.146,0.126,0.144,0.247,0.194,0.126,0.1,0.155,0.127,0.205,0.116,0.124,0.087,0.092,-0.024,0.088,-0.003,0.085,-0.027,0.123,0.152,0.134,0.14,0.133,0.113,0.11,0.11,0.176,0.115,0.113,0.065,0.138,0.122,0.111,0.052,0.056,0.157
519,0.159,0.139,0.123,0.147,0.236,0.181,0.122,0.105,0.152,0.119,0.201,0.112,0.119,0.089,0.101,-0.02,0.083,-0.005,0.088,-0.022,0.12,0.15,0.131,0.142,0.134,0.116,0.104,0.111,0.172,0.123,0.109,0.064,0.13,0.126,0.117,0.054,0.061,0.152
520,0.15,0.137,0.122,0.141,0.231,0.177,0.122,0.097,0.149,0.122,0.193,0.114,0.108,0.099,0.091,-0.026,0.089,-0.008,0.091,-0.023,0.117,0.145,0.137,0.133,0.135,0.107,0.104,0.101,0.174,0.115,0.108,0.063,0.144,0.121,0.108,0.048,0.056,0.159
521,0.143,0.136,0.115,0.14,0.228,0.165,0.122,0.09,0.146,0.121,0.186,0.112,0.114,0.09,0.094,-0.029,0.088,-0.006,0.087,-0.022,0.117,0.144,0.125,0.138,0.131,0.117,0.1,0.11,0.169,0.12,0.108,0.06,0.134,0.121,0.112,0.044,0.05,0.164
522,0.144,0.134,0.121,0.139,0.216,0.153,0.124,0.09,0.142,0.114,0.182,0.109,0.113,0.09,0.093,-0.024,0.079,-0.007,0.083,-0.031,0.116,0.148,0.124,0.133,0.125,0.107,0.105,0.106,0.165,0.109,0.099,0.054,0.13,0.12,0.109,0.047,0.054,0.149
523,0.15,0.136,0.108,0.13,0.211,0.156,0.118,0.088,0.143,0.106,0.176,0.115,0.109,0.086,0.089,-0.03,0.094,-0.006,0.084,-0.029,0.109,0.143,0.128,0.133,0.13,0.108,0.1,0.105,0.155,0.106,0.101,0.047,0.131,0.11,0.099,0.033,0.045,0.157
524,0.139,0.136,0.113,0.128,0.219,0.152,0.118,0.091,0.139,0.1,0.183,0.101,0.114,0.09,0.088,-0.024,0.076,-0.007,0.085,-0.024,0.115,0.139,0.124,0.133,0.12,0.111,0.09,0.102,0.156,0.106,0.096,0.049,0.124,0.107,0.106,0.038,0.047,0.146
525,0.129,0.121,0.108,0.126,0.208,0.147,0.121,0.084,0.132,0.096,0.176,0.108,0.104,0.082,0.09,-0.026,0.079,-0.004,0.078,-0.024,0.106,0.133,0.121,0.13,0.125,0.102,0.093,0.102,0.155,0.1,0.097,0.04,0.126,0.11,0.104,0.036,0.045,0.144
526,0.142,0.126,0.105,0.124,0.214,0.155,0.108,0.08,0.134,0.098,0.177,0.105,0.107,0.078,0.086,-0.025,0.081,-0.002,0.075,-0.025,0.102,0.128,0.112,0.132,0.128,0.106,0.099,0.101,0.157,0.104,0.096,0.05,0.125,0.11,0.098,0.036,0.049,0.146
527,0.135,0.119,0.103,0.125,0.208,0.144,0.108,0.078,0.134,0.102,0.17,0.104,0.103,0.082,0.078,-0.024,0.072,-0.008,0.084,-0.025,0.109,0.131,0.115,0.124,0.121,0.101,0.1,0.089,0.156,0.099,0.104,0.05,0.118,0.112,0.094,0.032,0.047,0.138
528,0.145,0.126,0.108,0.12,0.213,0.143,0.113,0.088,0.133,0.102,0.169,0.098,0.108,0.077,0.081,-0.03,0.077,-0.009,0.083,-0.023,0.106,0.129,0.117,0.124,0.122,0.103,0.089,0.102,0.156,0.101,0.094,0.045,0.119,0.104,0.1,0.031,0.037,0.134
529,0.131,0.117,0.105,0.123,0.21,0.146,0.111,0.076,0.122,0.096,0.176,0.104,0.109,0.081,0.086,-0.032,0.077,-0.007,0.078,-0.027,0.105,0.126,0.117,0.13,0.121,0.095,0.097,0.098,0.155,0.102,0.096,0.04,0.124,0.105,0.1,0.025,0.04,0.141
530,0.137,0.117,0.109,0.129,0.202,0.138,0.116,0.09,0.13,0.103,0.155,0.108,0.104,0.089,0.081,-0.022,0.081,-0.001,0.084,-0.022,0.104,0.13,0.119,0.127,0.122,0.102,0.093,0.092,0.152,0.102,0.095,0.048,0.13,0.11,0.098,0.035,0.047,0.145
531,0.141,0.117,0.101,0.111,0.217,0.15,0.105,0.083,0.132,0.091,0.165,0.095,0.105,0.092,0.085,-0.026,0.075,-0.003,0.088,-0.029,0.112,0.136,0.121,0.128,0.122,0.102,0.089,0.096,0.152,0.107,0.095,0.048,0.115,0.107,0.101,0.027,0.043,0.134
532,0.135,0.117,0.1,0.125,0.208,0.137,0.104,0.088,0.125,0.093,0.167,0.102,0.102,0.08,0.08,-0.03,0.077,-0.007,0.077,-0.024,0.104,0.117,0.114,0.128,0.123,0.096,0.094,0.097,0.147,0.1,0.095,0.041,0.122,0.11,0.095,0.024,0.037,0.134
533,0.139,0.11,0.097,0.118,0.195,0.136,0.1,0.075,0.122,0.09,0.152,0.108,0.107,0.073,0.082,-0.028,0.075,-0.009,0.074,-0.02,0.097,0.127,0.109,0.128,0.118,0.097,0.091,0.088,0.142,0.103,0.093,0.044,0.118,0.104,0.097,0.032,0.038,0.136
534,0.135,0.113,0.101,0.119,0.206,0.128,0.108,0.072,0.121,0.094,0.167,0.098,0.103,0.087,0.093,-0.029,0.07,0,0.083,-0.018,0.102,0.134,0.116,0.129,0.115,0.113,0.083,0.1,0.144,0.106,0.092,0.042,0.107,0.097,0.108,0.036,0.049,0.13
535,0.13,0.114,0.094,0.119,0.198,0.125,0.1,0.072,0.121,0.09,0.153,0.097,0.096,0.089,0.078,-0.017,0.072,0.007,0.078,-0.01,0.108,0.137,0.12,0.118,0.118,0.093,0.087,0.085,0.151,0.093,0.096,0.055,0.113,0.11,0.093,0.041,0.044,0.122
536,0.138,0.113,0.096,0.117,0.207,0.136,0.098,0.079,0.117,0.091,0.163,0.101,0.104,0.081,0.076,-0.02,0.077,-0.002,0.078,-0.018,0.101,0.124,0.108,0.118,0.118,0.1,0.082,0.087,0.136,0.094,0.089,0.041,0.122,0.096,0.094,0.037,0.045,0.133
537,0.137,0.107,0.089,0.114,0.197,0.131,0.108,0.071,0.116,0.086,0.155,0.101,0.101,0.083,0.08,-0.032,0.071,-0.003,0.085,-0.027,0.113,0.132,0.115,0.115,0.12,0.1,0.089,0.094,0.149,0.097,0.091,0.033,0.117,0.105,0.094,0.024,0.034,0.128
538,0.125,0.108,0.092,0.112,0.196,0.126,0.098,0.073,0.118,0.089,0.152,0.096,0.098,0.079,0.078,-0.021,0.069,0.003,0.067,-0.017,0.102,0.116,0.108,0.119,0.107,0.095,0.084,0.092,0.138,0.094,0.083,0.046,0.104,0.089,0.096,0.033,0.049,0.131
539,0.122,0.119,0.094,0.113,0.193,0.124,0.105,0.087,0.125,0.086,0.155,0.092,0.091,0.078,0.079,-0.022,0.074,0.003,0.072,-0.018,0.1,0.115,0.11,0.12,0.111,0.096,0.082,0.089,0.142,0.095,0.087,0.04,0.113,0.095,0.089,0.028,0.039,0.12
540,0.124,0.114,0.099,0.125,0.204,0.125,0.123,0.072,0.129,0.087,0.163,0.099,0.098,0.071,0.082,-0.032,0.066,-0.007,0.075,-0.027,0.1,0.125,0.113,0.126,0.12,0.098,0.085,0.096,0.143,0.102,0.086,0.036,0.111,0.096,0.093,0.018,0.04,0.124
541,0.12,0.109,0.099,0.117,0.2,0.126,0.116,0.071,0.12,0.091,0.155,0.097,0.102,0.077,0.081,-0.019,0.064,0.001,0.07,-0.012,0.106,0.129,0.112,0.129,0.118,0.102,0.089,0.098,0.142,0.107,0.091,0.046,0.11,0.094,0.096,0.024,0.047,0.126
542,0.121,0.109,0.088,0.112,0.193,0.132,0.104,0.066,0.116,0.08,0.151,0.097,0.091,0.078,0.078,-0.029,0.07,-0.008,0.074,-0.021,0.095,0.127,0.115,0.122,0.117,0.093,0.084,0.093,0.143,0.099,0.088,0.04,0.108,0.092,0.091,0.028,0.037,0.13
543,0.119,0.111,0.094,0.115,0.189,0.125,0.109,0.073,0.111,0.085,0.146,0.099,0.095,0.077,0.078,-0.026,0.066,-0.002,0.075,-0.02,0.095,0.127,0.115,0.12,0.114,0.088,0.093,0.091,0.138,0.097,0.085,0.037,0.108,0.089,0.085,0.026,0.039,0.123
544,0.119,0.103,0.088,0.117,0.189,0.115,0.11,0.069,0.113,0.084,0.15,0.099,0.099,0.072,0.074,-0.024,0.073,0.003,0.073,-0.017,0.1,0.119,0.105,0.116,0.115,0.09,0.089,0.094,0.14,0.093,0.085,0.041,0.108,0.097,0.085,0.027,0.046,0.127
545,0.119,0.103,0.092,0.118,0.182,0.109,0.108,0.071,0.113,0.086,0.139,0.092,0.093,0.075,0.076,-0.024,0.063,-0.012,0.074,-0.016,0.091,0.117,0.111,0.113,0.111,0.086,0.077,0.087,0.136,0.088,0.079,0.041,0.107,0.083,0.08,0.029,0.039,0.125
546,0.112,0.108,0.087,0.118,0.186,0.11,0.108,0.071,0.112,0.075,0.146,0.093,0.097,0.076,0.074,-0.023,0.066,-0.003,0.07,-0.014,0.094,0.117,0.115,0.108,0.105,0.09,0.078,0.091,0.134,0.089,0.086,0.042,0.093,0.092,0.083,0.02,0.04,0.121
547,0.115,0.103,0.085,0.105,0.165,0.104,0.103,0.063,0.119,0.075,0.135,0.095,0.105,0.067,0.078,-0.021,0.063,0.002,0.065,-0.016,0.086,0.114,0.098,0.115,0.108,0.096,0.076,0.089,0.138,0.1,0.08,0.036,0.103,0.093,0.091,0.024,0.039,0.117
548,0.116,0.093,0.09,0.11,0.178,0.101,0.097,0.067,0.108,0.074,0.135,0.097,0.098,0.078,0.077,-0.024,0.063,-0.009,0.073,-0.023,0.099,0.116,0.102,0.117,0.099,0.094,0.08,0.093,0.131,0.089,0.076,0.033,0.103,0.085,0.087,0.022,0.037,0.117
549,0.113,0.099,0.078,0.102,0.174,0.106,0.093,0.058,0.105,0.072,0.135,0.095,0.094,0.074,0.074,-0.02,0.065,-0.005,0.073,-0.023,0.09,0.115,0.098,0.107,0.109,0.094,0.083,0.088,0.135,0.092,0.082,0.036,0.102,0.086,0.084,0.012,0.036,0.115
550,0.112,0.095,0.085,0.095,0.171,0.098,0.091,0.06,0.098,0.072,0.129,0.094,0.106,0.074,0.088,-0.031,0.07,-0.007,0.07,-0.025,0.089,0.118,0.102,0.119,0.1,0.096,0.078,0.09,0.129,0.094,0.071,0.03,0.101,0.094,0.095,0.007,0.029,0.12
551,0.114,0.094,0.086,0.103,0.184,0.113,0.103,0.064,0.101,0.073,0.137,0.098,0.085,0.073,0.068,-0.021,0.067,-0.002,0.069,-0.018,0.087,0.111,0.099,0.1,0.117,0.08,0.089,0.075,0.136,0.077,0.083,0.033,0.105,0.094,0.079,0.019,0.036,0.122
552,0.111,0.098,0.086,0.107,0.172,0.104,0.093,0.063,0.105,0.076,0.133,0.089,0.096,0.068,0.074,-0.024,0.061,0,0.064,-0.023,0.086,0.108,0.09,0.105,0.102,0.087,0.077,0.078,0.125,0.084,0.081,0.028,0.1,0.084,0.085,0.014,0.036,0.113
553,0.115,0.088,0.075,0.097,0.171,0.103,0.089,0.062,0.099,0.073,0.129,0.088,0.09,0.069,0.075,-0.023,0.066,-0.003,0.063,-0.02,0.086,0.113,0.096,0.105,0.098,0.082,0.072,0.076,0.119,0.084,0.077,0.032,0.097,0.084,0.079,0.019,0.034,0.108
554,0.103,0.103,0.078,0.096,0.175,0.106,0.083,0.071,0.111,0.071,0.135,0.081,0.089,0.08,0.075,-0.025,0.062,-0.008,0.076,-0.022,0.096,0.112,0.104,0.099,0.101,0.081,0.071,0.08,0.13,0.085,0.077,0.027,0.096,0.089,0.081,0.016,0.028,0.109
555,0.114,0.104,0.088,0.105,0.177,0.102,0.093,0.067,0.107,0.082,0.132,0.09,0.091,0.074,0.078,-0.021,0.057,0.003,0.076,-0.018,0.094,0.113,0.099,0.107,0.103,0.083,0.074,0.084,0.127,0.078,0.077,0.034,0.093,0.087,0.077,0.014,0.029,0.11
556,0.122,0.096,0.085,0.108,0.173,0.108,0.098,0.064,0.107,0.072,0.134,0.086,0.085,0.073,0.069,-0.015,0.066,0.005,0.066,-0.011,0.084,0.111,0.1,0.096,0.103,0.078,0.082,0.067,0.13,0.075,0.076,0.034,0.105,0.091,0.072,0.028,0.041,0.115
557,0.122,0.103,0.093,0.104,0.188,0.107,0.097,0.071,0.109,0.081,0.142,0.096,0.089,0.071,0.067,-0.016,0.071,0.002,0.068,-0.015,0.086,0.113,0.094,0.102,0.105,0.086,0.073,0.081,0.129,0.076,0.078,0.036,0.102,0.087,0.08,0.02,0.041,0.112
558,0.118,0.098,0.089,0.113,0.186,0.11,0.101,0.064,0.112,0.08,0.138,0.091,0.091,0.065,0.068,-0.021,0.072,-0.005,0.057,-0.024,0.08,0.104,0.091,0.098,0.107,0.081,0.077,0.07,0.128,0.081,0.08,0.029,0.102,0.086,0.077,0.022,0.032,0.115
559,0.126,0.104,0.091,0.102,0.183,0.115,0.094,0.064,0.105,0.078,0.144,0.101,0.089,0.082,0.075,-0.015,0.074,0.009,0.07,-0.012,0.079,0.109,0.103,0.104,0.095,0.083,0.074,0.077,0.125,0.076,0.07,0.034,0.104,0.086,0.076,0.03,0.04,0.12
560,0.126,0.107,0.09,0.12,0.192,0.116,0.104,0.072,0.113,0.086,0.15,0.092,0.091,0.081,0.079,-0.014,0.069,0.008,0.071,-0.014,0.095,0.12,0.101,0.1,0.097,0.082,0.073,0.077,0.127,0.08,0.078,0.038,0.101,0.082,0.078,0.025,0.039,0.113
561,0.135,0.113,0.089,0.111,0.203,0.123,0.103,0.074,0.127,0.087,0.153,0.084,0.099,0.083,0.078,-0.007,0.067,0.011,0.072,-0.011,0.089,0.118,0.1,0.099,0.103,0.085,0.072,0.08,0.122,0.08,0.083,0.037,0.104,0.09,0.08,0.027,0.042,0.107
562,0.141,0.115,0.101,0.122,0.203,0.131,0.119,0.075,0.12,0.097,0.159,0.099,0.096,0.081,0.075,-0.011,0.076,0.006,0.065,-0.014,0.089,0.114,0.102,0.104,0.111,0.09,0.081,0.078,0.132,0.084,0.085,0.035,0.105,0.094,0.079,0.03,0.042,0.114
563,0.143,0.121,0.101,0.126,0.206,0.124,0.12,0.079,0.126,0.096,0.154,0.105,0.105,0.081,0.075,-0.008,0.079,0.013,0.072,-0.009,0.09,0.119,0.102,0.103,0.107,0.085,0.076,0.075,0.134,0.085,0.078,0.037,0.103,0.094,0.084,0.028,0.049,0.12
564,0.15,0.117,0.105,0.127,0.213,0.138,0.119,0.081,0.137,0.101,0.163,0.1,0.097,0.085,0.083,-0.002,0.073,0.018,0.074,-0.006,0.088,0.116,0.101,0.106,0.105,0.085,0.077,0.067,0.127,0.089,0.082,0.044,0.108,0.088,0.087,0.041,0.05,0.119
565,0.155,0.125,0.104,0.135,0.224,0.138,0.121,0.091,0.138,0.104,0.167,0.103,0.103,0.085,0.08,0,0.078,0.017,0.077,-0.006,0.08,0.117,0.098,0.103,0.108,0.087,0.084,0.075,0.133,0.081,0.081,0.039,0.106,0.101,0.084,0.032,0.044,0.118
566,0.164,0.137,0.106,0.133,0.229,0.146,0.125,0.097,0.151,0.109,0.174,0.101,0.102,0.088,0.082,0.002,0.07,0.023,0.072,-0.001,0.09,0.117,0.096,0.103,0.11,0.088,0.08,0.073,0.127,0.087,0.08,0.045,0.104,0.088,0.083,0.037,0.049,0.121
567,0.173,0.133,0.112,0.139,0.238,0.155,0.123,0.097,0.151,0.114,0.176,0.111,0.115,0.088,0.089,0.004,0.084,0.017,0.083,-0.006,0.097,0.12,0.103,0.11,0.111,0.096,0.085,0.08,0.136,0.092,0.086,0.042,0.11,0.102,0.087,0.036,0.055,0.118
568,0.179,0.126,0.117,0.145,0.243,0.158,0.131,0.094,0.154,0.114,0.181,0.113,0.113,0.092,0.088,0.009,0.083,0.021,0.073,0.005,0.09,0.117,0.105,0.111,0.109,0.094,0.083,0.081,0.135,0.093,0.083,0.048,0.108,0.101,0.093,0.045,0.064,0.125
569,0.18,0.137,0.123,0.148,0.245,0.152,0.138,0.093,0.159,0.124,0.178,0.115,0.114,0.089,0.083,0.004,0.089,0.023,0.08,0,0.088,0.118,0.105,0.109,0.112,0.092,0.082,0.074,0.134,0.089,0.085,0.049,0.113,0.1,0.09,0.047,0.062,0.125
570,0.179,0.14,0.119,0.155,0.263,0.155,0.135,0.105,0.158,0.122,0.193,0.112,0.113,0.089,0.092,0.011,0.089,0.025,0.079,0.007,0.09,0.113,0.103,0.115,0.112,0.094,0.075,0.081,0.133,0.092,0.085,0.048,0.12,0.101,0.089,0.048,0.067,0.132
571,0.184,0.141,0.118,0.158,0.258,0.164,0.14,0.107,0.164,0.119,0.192,0.118,0.118,0.089,0.095,0.013,0.086,0.038,0.074,0.01,0.085,0.113,0.101,0.106,0.115,0.091,0.081,0.08,0.134,0.093,0.09,0.06,0.107,0.102,0.085,0.058,0.068,0.132
572,0.2,0.152,0.131,0.164,0.262,0.164,0.144,0.115,0.173,0.146,0.193,0.124,0.116,0.091,0.092,0.013,0.096,0.035,0.079,0.008,0.089,0.116,0.106,0.109,0.115,0.1,0.079,0.076,0.138,0.092,0.088,0.053,0.124,0.103,0.086,0.058,0.071,0.135
573,0.193,0.152,0.124,0.161,0.277,0.168,0.141,0.112,0.177,0.134,0.207,0.119,0.132,0.101,0.11,0.02,0.097,0.036,0.083,0.011,0.098,0.124,0.109,0.122,0.116,0.111,0.083,0.098,0.135,0.105,0.085,0.059,0.12,0.104,0.105,0.058,0.073,0.134
574,0.208,0.154,0.127,0.163,0.263,0.171,0.14,0.116,0.175,0.137,0.2,0.127,0.124,0.096,0.105,0.02,0.097,0.035,0.082,0.014,0.095,0.126,0.109,0.114,0.118,0.107,0.084,0.089,0.14,0.101,0.084,0.06,0.12,0.105,0.105,0.063,0.079,0.137
575,0.213,0.157,0.132,0.172,0.274,0.188,0.159,0.122,0.175,0.137,0.206,0.128,0.117,0.1,0.103,0.024,0.096,0.044,0.092,0.017,0.092,0.127,0.109,0.118,0.126,0.106,0.092,0.086,0.141,0.105,0.091,0.063,0.124,0.112,0.099,0.072,0.08,0.14
576,0.205,0.161,0.129,0.169,0.278,0.181,0.151,0.121,0.184,0.142,0.212,0.129,0.125,0.103,0.098,0.021,0.096,0.04,0.086,0.009,0.102,0.128,0.114,0.109,0.12,0.103,0.088,0.08,0.141,0.096,0.085,0.057,0.12,0.107,0.091,0.069,0.078,0.136
577,0.221,0.16,0.137,0.172,0.297,0.2,0.155,0.128,0.185,0.141,0.228,0.132,0.135,0.105,0.11,0.024,0.095,0.045,0.093,0.013,0.102,0.133,0.114,0.119,0.118,0.109,0.085,0.085,0.138,0.1,0.08,0.063,0.12,0.112,0.107,0.068,0.083,0.139
578,0.222,0.167,0.141,0.176,0.294,0.188,0.166,0.125,0.186,0.152,0.216,0.132,0.125,0.108,0.104,0.025,0.102,0.047,0.089,0.019,0.098,0.139,0.119,0.105,0.129,0.104,0.092,0.088,0.138,0.096,0.091,0.066,0.133,0.115,0.104,0.069,0.084,0.143
579,0.219,0.159,0.145,0.183,0.288,0.188,0.158,0.129,0.189,0.159,0.217,0.125,0.13,0.097,0.104,0.02,0.099,0.037,0.088,0.014,0.091,0.13,0.111,0.11,0.133,0.104,0.091,0.09,0.152,0.103,0.092,0.061,0.123,0.113,0.101,0.066,0.08,0.137
580,0.222,0.165,0.134,0.174,0.289,0.195,0.154,0.132,0.198,0.143,0.216,0.134,0.131,0.108,0.106,0.026,0.101,0.041,0.086,0.02,0.103,0.135,0.114,0.118,0.13,0.102,0.09,0.081,0.152,0.102,0.096,0.065,0.12,0.111,0.1,0.066,0.088,0.141
581,0.22,0.159,0.142,0.18,0.301,0.194,0.159,0.124,0.192,0.159,0.229,0.131,0.132,0.108,0.103,0.027,0.104,0.046,0.093,0.019,0.094,0.13,0.112,0.122,0.12,0.108,0.091,0.086,0.145,0.1,0.094,0.067,0.123,0.108,0.099,0.073,0.081,0.141
582,0.211,0.162,0.135,0.174,0.292,0.195,0.156,0.123,0.185,0.149,0.221,0.13,0.134,0.1,0.107,0.026,0.101,0.043,0.086,0.016,0.096,0.125,0.111,0.117,0.129,0.11,0.09,0.089,0.141,0.107,0.085,0.063,0.122,0.112,0.104,0.073,0.084,0.142
583,0.222,0.16,0.142,0.179,0.294,0.202,0.15,0.129,0.194,0.15,0.22,0.121,0.13,0.105,0.104,0.03,0.096,0.041,0.09,0.024,0.099,0.124,0.114,0.117,0.123,0.103,0.084,0.075,0.139,0.099,0.091,0.068,0.126,0.109,0.099,0.078,0.084,0.135
584,0.212,0.163,0.14,0.173,0.29,0.201,0.16,0.126,0.187,0.149,0.227,0.12,0.125,0.107,0.106,0.028,0.092,0.042,0.096,0.021,0.102,0.126,0.108,0.111,0.123,0.102,0.088,0.082,0.139,0.098,0.085,0.068,0.119,0.11,0.098,0.073,0.085,0.13
585,0.206,0.16,0.129,0.167,0.28,0.188,0.142,0.122,0.188,0.14,0.213,0.12,0.116,0.106,0.102,0.022,0.096,0.044,0.093,0.012,0.097,0.131,0.119,0.106,0.12,0.097,0.085,0.079,0.138,0.101,0.088,0.062,0.116,0.107,0.09,0.064,0.079,0.13
586,0.21,0.154,0.134,0.165,0.281,0.192,0.149,0.121,0.185,0.141,0.21,0.106,0.126,0.099,0.097,0.023,0.089,0.035,0.08,0.01,0.091,0.122,0.104,0.109,0.121,0.098,0.084,0.082,0.141,0.094,0.086,0.059,0.116,0.102,0.093,0.066,0.074,0.128
587,0.196,0.159,0.127,0.159,0.264,0.177,0.148,0.121,0.174,0.132,0.207,0.112,0.12,0.091,0.09,0.018,0.094,0.035,0.089,0.011,0.093,0.126,0.106,0.106,0.116,0.094,0.079,0.076,0.131,0.095,0.077,0.063,0.116,0.101,0.089,0.066,0.075,0.131
588,0.194,0.153,0.128,0.158,0.263,0.182,0.149,0.114,0.176,0.138,0.204,0.109,0.122,0.093,0.099,0.017,0.082,0.033,0.083,0.006,0.09,0.115,0.104,0.106,0.109,0.098,0.078,0.076,0.133,0.095,0.077,0.058,0.111,0.101,0.096,0.065,0.072,0.115
589,0.184,0.143,0.136,0.164,0.25,0.173,0.147,0.107,0.165,0.137,0.186,0.106,0.122,0.089,0.087,0.011,0.08,0.029,0.078,0.01,0.091,0.115,0.097,0.1,0.111,0.101,0.079,0.077,0.13,0.086,0.081,0.058,0.112,0.101,0.084,0.052,0.067,0.122
590,0.171,0.151,0.13,0.149,0.247,0.169,0.133,0.108,0.172,0.126,0.188,0.107,0.111,0.089,0.086,0.012,0.083,0.021,0.08,0.009,0.089,0.12,0.1,0.102,0.107,0.09,0.081,0.078,0.133,0.085,0.08,0.052,0.111,0.099,0.084,0.056,0.068,0.111
591,0.18,0.144,0.122,0.151,0.244,0.169,0.134,0.112,0.17,0.122,0.186,0.104,0.11,0.087,0.083,0.008,0.075,0.033,0.077,0.01,0.081,0.113,0.097,0.097,0.101,0.084,0.08,0.071,0.132,0.087,0.088,0.057,0.108,0.096,0.086,0.056,0.06,0.118
592,0.161,0.136,0.118,0.141,0.234,0.17,0.125,0.102,0.155,0.122,0.193,0.1,0.107,0.077,0.079,0.003,0.077,0.024,0.071,0.014,0.08,0.109,0.094,0.091,0.095,0.086,0.068,0.066,0.116,0.083,0.072,0.045,0.107,0.089,0.078,0.05,0.064,0.117
593,0.169,0.136,0.113,0.142,0.235,0.161,0.123,0.1,0.157,0.116,0.185,0.098,0.117,0.079,0.088,0.009,0.074,0.022,0.074,0.007,0.08,0.109,0.098,0.098,0.093,0.091,0.07,0.076,0.116,0.087,0.072,0.047,0.097,0.081,0.091,0.049,0.063,0.108
594,0.16,0.123,0.11,0.145,0.229,0.159,0.122,0.096,0.148,0.121,0.178,0.096,0.114,0.082,0.086,0.007,0.072,0.029,0.078,0.003,0.081,0.116,0.1,0.093,0.098,0.093,0.072,0.074,0.122,0.091,0.073,0.05,0.101,0.082,0.09,0.051,0.062,0.113
595,0.158,0.126,0.115,0.14,0.231,0.168,0.122,0.095,0.148,0.119,0.184,0.099,0.105,0.073,0.087,0.004,0.075,0.026,0.071,0.014,0.078,0.104,0.092,0.097,0.105,0.086,0.076,0.073,0.123,0.084,0.076,0.05,0.101,0.086,0.078,0.054,0.058,0.112
596,0.149,0.137,0.117,0.142,0.222,0.159,0.123,0.108,0.158,0.127,0.178,0.103,0.103,0.073,0.078,0.004,0.074,0.014,0.066,0.001,0.076,0.106,0.091,0.087,0.091,0.079,0.063,0.067,0.11,0.076,0.056,0.047,0.099,0.078,0.079,0.048,0.052,0.115
597,0.159,0.13,0.114,0.139,0.229,0.168,0.113,0.095,0.148,0.115,0.183,0.1,0.104,0.078,0.082,0.008,0.07,0.028,0.077,0.018,0.081,0.111,0.094,0.092,0.102,0.084,0.082,0.071,0.124,0.079,0.078,0.052,0.103,0.093,0.076,0.054,0.063,0.116
598,0.157,0.14,0.118,0.142,0.224,0.162,0.127,0.108,0.161,0.125,0.177,0.103,0.112,0.075,0.084,0.005,0.074,0.022,0.076,0.01,0.073,0.106,0.096,0.099,0.1,0.085,0.074,0.069,0.118,0.085,0.077,0.053,0.104,0.083,0.085,0.052,0.059,0.115
599,0.156,0.135,0.113,0.143,0.223,0.164,0.118,0.1,0.158,0.122,0.186,0.091,0.103,0.079,0.079,0.011,0.07,0.029,0.072,0.018,0.082,0.112,0.093,0.092,0.102,0.079,0.071,0.058,0.123,0.081,0.069,0.052,0.095,0.088,0.076,0.058,0.068,0.111
600,0.155,0.133,0.119,0.142,0.23,0.171,0.126,0.114,0.163,0.129,0.19,0.096,0.106,0.06,0.089,0.008,0.074,0.029,0.068,0.021,0.076,0.101,0.089,0.1,0.097,0.093,0.07,0.085,0.115,0.09,0.07,0.051,0.099,0.084,0.088,0.057,0.063,0.113
601,0.17,0.139,0.12,0.15,0.231,0.187,0.125,0.111,0.172,0.131,0.202,0.095,0.114,0.084,0.095,0.011,0.075,0.035,0.08,0.023,0.089,0.115,0.102,0.102,0.098,0.095,0.071,0.077,0.12,0.082,0.07,0.061,0.106,0.084,0.087,0.063,0.066,0.118
602,0.171,0.142,0.127,0.159,0.241,0.192,0.137,0.112,0.173,0.141,0.199,0.098,0.108,0.068,0.077,0.008,0.077,0.028,0.081,0.023,0.074,0.108,0.097,0.086,0.097,0.079,0.068,0.062,0.118,0.077,0.076,0.054,0.098,0.083,0.075,0.057,0.063,0.119
603,0.178,0.152,0.129,0.16,0.253,0.195,0.134,0.122,0.186,0.142,0.204,0.105,0.109,0.082,0.083,0.01,0.085,0.025,0.079,0.024,0.086,0.112,0.098,0.093,0.097,0.091,0.07,0.068,0.122,0.083,0.071,0.055,0.109,0.086,0.085,0.064,0.068,0.124
604,0.177,0.155,0.139,0.17,0.253,0.203,0.143,0.127,0.189,0.153,0.204,0.099,0.116,0.086,0.088,0.02,0.085,0.035,0.077,0.019,0.082,0.114,0.102,0.094,0.097,0.093,0.071,0.072,0.119,0.081,0.07,0.062,0.104,0.083,0.087,0.069,0.077,0.119
605,0.182,0.169,0.137,0.169,0.262,0.202,0.139,0.135,0.2,0.153,0.216,0.104,0.112,0.085,0.095,0.016,0.085,0.033,0.079,0.031,0.089,0.114,0.103,0.094,0.095,0.093,0.067,0.078,0.116,0.084,0.063,0.066,0.107,0.076,0.089,0.069,0.077,0.121
606,0.189,0.169,0.144,0.173,0.276,0.224,0.155,0.138,0.204,0.156,0.231,0.105,0.121,0.087,0.096,0.019,0.08,0.034,0.083,0.032,0.089,0.111,0.092,0.099,0.1,0.097,0.072,0.075,0.122,0.09,0.074,0.059,0.111,0.093,0.091,0.068,0.075,0.119
607,0.198,0.171,0.153,0.182,0.279,0.231,0.158,0.134,0.203,0.17,0.233,0.112,0.113,0.089,0.088,0.025,0.088,0.041,0.083,0.039,0.083,0.116,0.106,0.096,0.106,0.092,0.078,0.076,0.127,0.084,0.08,0.071,0.111,0.085,0.087,0.079,0.087,0.122
608,0.202,0.172,0.155,0.184,0.287,0.231,0.159,0.136,0.211,0.172,0.239,0.11,0.123,0.079,0.104,0.025,0.086,0.042,0.081,0.033,0.079,0.108,0.098,0.099,0.094,0.098,0.068,0.071,0.118,0.089,0.076,0.071,0.106,0.09,0.096,0.078,0.082,0.12
609,0.213,0.178,0.152,0.181,0.297,0.243,0.158,0.149,0.218,0.169,0.243,0.116,0.125,0.085,0.101,0.026,0.09,0.044,0.087,0.037,0.089,0.115,0.102,0.104,0.108,0.097,0.08,0.079,0.128,0.083,0.085,0.07,0.118,0.098,0.09,0.081,0.091,0.132
610,0.217,0.184,0.162,0.199,0.291,0.241,0.17,0.159,0.23,0.182,0.246,0.116,0.127,0.086,0.105,0.029,0.088,0.048,0.081,0.039,0.088,0.116,0.098,0.105,0.108,0.1,0.075,0.079,0.119,0.092,0.075,0.078,0.112,0.096,0.099,0.092,0.092,0.13
611,0.227,0.192,0.158,0.196,0.307,0.255,0.161,0.149,0.237,0.185,0.26,0.12,0.123,0.087,0.097,0.025,0.094,0.034,0.09,0.031,0.082,0.115,0.103,0.099,0.108,0.1,0.078,0.076,0.137,0.09,0.081,0.069,0.121,0.096,0.088,0.083,0.082,0.131
612,0.226,0.197,0.164,0.196,0.308,0.256,0.173,0.162,0.236,0.192,0.257,0.127,0.136,0.098,0.113,0.03,0.098,0.043,0.1,0.04,0.096,0.129,0.108,0.107,0.111,0.106,0.075,0.081,0.132,0.099,0.084,0.08,0.13,0.098,0.103,0.093,0.097,0.141
613,0.228,0.198,0.168,0.204,0.305,0.259,0.175,0.164,0.248,0.198,0.258,0.125,0.135,0.096,0.108,0.031,0.106,0.044,0.092,0.044,0.088,0.122,0.103,0.108,0.107,0.103,0.072,0.078,0.126,0.099,0.079,0.081,0.122,0.096,0.094,0.095,0.091,0.137
614,0.235,0.206,0.172,0.205,0.309,0.253,0.163,0.169,0.252,0.19,0.262,0.123,0.13,0.089,0.103,0.019,0.092,0.039,0.096,0.039,0.094,0.12,0.11,0.103,0.116,0.099,0.084,0.08,0.132,0.09,0.083,0.078,0.122,0.104,0.096,0.085,0.096,0.134
615,0.235,0.202,0.174,0.206,0.315,0.273,0.18,0.165,0.244,0.19,0.264,0.134,0.131,0.093,0.101,0.036,0.109,0.059,0.096,0.051,0.094,0.124,0.115,0.112,0.121,0.1,0.086,0.081,0.14,0.097,0.09,0.088,0.133,0.106,0.101,0.104,0.102,0.144
616,0.228,0.205,0.172,0.203,0.321,0.27,0.169,0.166,0.249,0.192,0.265,0.134,0.133,0.096,0.105,0.03,0.105,0.046,0.095,0.042,0.093,0.124,0.106,0.103,0.115,0.096,0.086,0.079,0.139,0.095,0.088,0.081,0.13,0.109,0.096,0.095,0.093,0.143
617,0.239,0.205,0.178,0.213,0.32,0.276,0.177,0.169,0.248,0.2,0.272,0.128,0.136,0.097,0.107,0.032,0.095,0.039,0.089,0.034,0.09,0.127,0.111,0.106,0.112,0.1,0.083,0.077,0.132,0.095,0.08,0.082,0.126,0.106,0.101,0.1,0.097,0.136
618,0.244,0.201,0.171,0.21,0.327,0.269,0.181,0.177,0.253,0.202,0.269,0.124,0.136,0.088,0.107,0.039,0.096,0.054,0.096,0.049,0.089,0.126,0.112,0.105,0.121,0.109,0.083,0.078,0.139,0.095,0.09,0.081,0.125,0.109,0.102,0.101,0.102,0.136
619,0.242,0.205,0.181,0.219,0.325,0.272,0.187,0.165,0.253,0.206,0.271,0.132,0.14,0.105,0.114,0.038,0.096,0.043,0.104,0.04,0.099,0.138,0.118,0.109,0.113,0.103,0.082,0.08,0.136,0.099,0.083,0.081,0.125,0.101,0.1,0.101,0.099,0.134
620,0.242,0.21,0.179,0.21,0.319,0.269,0.183,0.17,0.252,0.204,0.269,0.132,0.142,0.101,0.106,0.044,0.1,0.049,0.097,0.039,0.094,0.124,0.115,0.116,0.112,0.109,0.082,0.087,0.139,0.098,0.086,0.085,0.135,0.102,0.103,0.103,0.108,0.146
621,0.236,0.209,0.173,0.212,0.322,0.276,0.18,0.171,0.251,0.198,0.275,0.131,0.134,0.096,0.107,0.044,0.096,0.05,0.103,0.043,0.097,0.131,0.115,0.108,0.119,0.103,0.087,0.083,0.138,0.097,0.088,0.088,0.123,0.106,0.098,0.107,0.103,0.136
622,0.239,0.213,0.167,0.205,0.321,0.272,0.171,0.172,0.25,0.193,0.268,0.129,0.142,0.091,0.117,0.042,0.102,0.052,0.099,0.048,0.093,0.121,0.112,0.113,0.119,0.112,0.084,0.086,0.14,0.103,0.084,0.084,0.121,0.106,0.101,0.103,0.101,0.137
623,0.244,0.206,0.174,0.206,0.317,0.261,0.182,0.167,0.248,0.197,0.263,0.132,0.133,0.093,0.105,0.043,0.105,0.057,0.097,0.053,0.097,0.126,0.107,0.105,0.123,0.097,0.086,0.08,0.147,0.095,0.085,0.084,0.128,0.112,0.098,0.103,0.106,0.146
624,0.239,0.2,0.167,0.206,0.326,0.278,0.178,0.159,0.237,0.19,0.274,0.134,0.136,0.097,0.11,0.039,0.103,0.057,0.096,0.038,0.098,0.122,0.11,0.108,0.122,0.108,0.087,0.084,0.144,0.093,0.089,0.078,0.133,0.113,0.101,0.103,0.103,0.148
625,0.232,0.201,0.168,0.206,0.314,0.258,0.179,0.166,0.239,0.197,0.267,0.125,0.142,0.103,0.111,0.039,0.101,0.048,0.094,0.043,0.095,0.124,0.111,0.114,0.12,0.109,0.087,0.086,0.137,0.104,0.089,0.08,0.122,0.104,0.106,0.097,0.094,0.138
626,0.239,0.202,0.17,0.202,0.313,0.261,0.179,0.163,0.236,0.188,0.268,0.132,0.136,0.097,0.111,0.04,0.101,0.054,0.093,0.044,0.09,0.126,0.109,0.112,0.112,0.102,0.079,0.08,0.139,0.101,0.084,0.084,0.129,0.109,0.1,0.105,0.102,0.139
627,0.236,0.201,0.167,0.2,0.313,0.264,0.172,0.163,0.244,0.191,0.269,0.131,0.144,0.096,0.115,0.049,0.104,0.056,0.094,0.046,0.096,0.123,0.117,0.12,0.111,0.108,0.074,0.086,0.142,0.106,0.084,0.079,0.122,0.103,0.102,0.104,0.103,0.145
628,0.224,0.191,0.161,0.194,0.305,0.259,0.168,0.15,0.231,0.19,0.259,0.127,0.137,0.101,0.11,0.041,0.098,0.055,0.097,0.04,0.092,0.125,0.114,0.109,0.113,0.102,0.083,0.082,0.138,0.098,0.082,0.075,0.125,0.102,0.098,0.095,0.102,0.141
629,0.225,0.185,0.162,0.199,0.294,0.248,0.167,0.153,0.224,0.181,0.248,0.135,0.133,0.095,0.109,0.042,0.105,0.056,0.097,0.044,0.094,0.127,0.111,0.107,0.118,0.1,0.086,0.078,0.145,0.094,0.086,0.078,0.134,0.103,0.095,0.099,0.101,0.144
630,0.22,0.187,0.156,0.192,0.292,0.241,0.153,0.146,0.22,0.176,0.246,0.12,0.136,0.093,0.105,0.046,0.094,0.056,0.09,0.044,0.091,0.121,0.107,0.114,0.114,0.098,0.078,0.078,0.128,0.094,0.081,0.084,0.121,0.094,0.092,0.102,0.105,0.136
631,0.214,0.181,0.16,0.185,0.291,0.241,0.158,0.148,0.221,0.17,0.253,0.123,0.127,0.087,0.11,0.04,0.093,0.051,0.092,0.045,0.087,0.119,0.105,0.113,0.119,0.098,0.087,0.082,0.136,0.099,0.085,0.078,0.121,0.099,0.096,0.096,0.097,0.135
632,0.208,0.181,0.151,0.182,0.287,0.237,0.153,0.145,0.212,0.166,0.242,0.122,0.128,0.082,0.1,0.039,0.093,0.055,0.087,0.043,0.079,0.111,0.101,0.106,0.111,0.098,0.08,0.08,0.139,0.094,0.085,0.082,0.119,0.105,0.09,0.096,0.097,0.132
633,0.197,0.171,0.143,0.18,0.291,0.238,0.155,0.135,0.212,0.166,0.239,0.112,0.122,0.089,0.095,0.036,0.089,0.054,0.078,0.039,0.088,0.12,0.102,0.1,0.11,0.097,0.072,0.079,0.125,0.091,0.076,0.075,0.119,0.094,0.091,0.09,0.096,0.126
634,0.188,0.169,0.141,0.172,0.267,0.218,0.144,0.131,0.204,0.161,0.226,0.112,0.124,0.086,0.099,0.037,0.085,0.054,0.084,0.037,0.085,0.11,0.093,0.102,0.105,0.096,0.072,0.073,0.125,0.086,0.076,0.073,0.117,0.097,0.088,0.09,0.097,0.126
635,0.192,0.163,0.139,0.167,0.275,0.225,0.143,0.132,0.194,0.153,0.23,0.107,0.122,0.083,0.095,0.033,0.08,0.05,0.083,0.044,0.085,0.116,0.102,0.102,0.106,0.093,0.071,0.081,0.124,0.086,0.074,0.074,0.109,0.095,0.087,0.088,0.091,0.118
636,0.193,0.164,0.137,0.165,0.266,0.218,0.14,0.131,0.202,0.143,0.226,0.1,0.118,0.079,0.092,0.028,0.079,0.046,0.082,0.039,0.091,0.119,0.098,0.101,0.101,0.089,0.077,0.077,0.127,0.083,0.08,0.073,0.103,0.096,0.084,0.084,0.089,0.117
637,0.183,0.157,0.126,0.162,0.251,0.212,0.143,0.12,0.186,0.15,0.217,0.104,0.116,0.077,0.09,0.031,0.071,0.044,0.084,0.038,0.07,0.104,0.093,0.098,0.103,0.089,0.071,0.075,0.125,0.085,0.073,0.072,0.107,0.088,0.088,0.079,0.087,0.116
638,0.184,0.155,0.138,0.17,0.254,0.211,0.142,0.128,0.189,0.15,0.213,0.102,0.111,0.07,0.089,0.028,0.078,0.044,0.079,0.04,0.076,0.101,0.091,0.093,0.099,0.087,0.072,0.075,0.116,0.08,0.07,0.071,0.109,0.092,0.078,0.083,0.083,0.112
639,0.191,0.161,0.128,0.163,0.246,0.21,0.139,0.128,0.196,0.148,0.214,0.098,0.114,0.074,0.091,0.028,0.075,0.045,0.078,0.037,0.072,0.105,0.084,0.102,0.094,0.086,0.065,0.077,0.117,0.084,0.064,0.073,0.102,0.083,0.088,0.075,0.085,0.111
640,0.187,0.152,0.127,0.164,0.255,0.21,0.133,0.123,0.191,0.152,0.216,0.096,0.111,0.07,0.083,0.024,0.07,0.037,0.081,0.032,0.079,0.105,0.089,0.096,0.087,0.083,0.06,0.071,0.107,0.076,0.062,0.063,0.1,0.076,0.076,0.078,0.081,0.112
641,0.191,0.165,0.137,0.167,0.26,0.224,0.145,0.129,0.198,0.163,0.217,0.105,0.104,0.069,0.083,0.029,0.076,0.038,0.076,0.041,0.079,0.105,0.096,0.085,0.089,0.075,0.064,0.063,0.104,0.074,0.058,0.061,0.102,0.078,0.074,0.077,0.07,0.114
642,0.191,0.163,0.145,0.173,0.265,0.231,0.15,0.129,0.2,0.164,0.223,0.102,0.103,0.077,0.081,0.027,0.08,0.041,0.081,0.042,0.076,0.111,0.099,0.083,0.087,0.076,0.062,0.068,0.109,0.072,0.065,0.066,0.1,0.081,0.078,0.081,0.082,0.118
643,0.193,0.174,0.152,0.182,0.275,0.232,0.151,0.134,0.214,0.169,0.229,0.108,0.114,0.085,0.079,0.032,0.086,0.055,0.091,0.05,0.082,0.113,0.102,0.09,0.095,0.084,0.062,0.071,0.111,0.079,0.066,0.067,0.102,0.083,0.084,0.09,0.091,0.12
644,0.21,0.19,0.159,0.184,0.287,0.251,0.155,0.152,0.228,0.179,0.248,0.107,0.117,0.076,0.09,0.028,0.085,0.046,0.08,0.048,0.074,0.102,0.094,0.089,0.098,0.084,0.066,0.07,0.112,0.081,0.069,0.073,0.112,0.088,0.081,0.089,0.087,0.124
645,0.233,0.194,0.176,0.208,0.312,0.27,0.178,0.169,0.248,0.199,0.26,0.115,0.125,0.087,0.103,0.045,0.094,0.05,0.091,0.061,0.075,0.118,0.103,0.099,0.1,0.094,0.067,0.076,0.121,0.081,0.073,0.082,0.12,0.087,0.092,0.105,0.096,0.128
646,0.258,0.214,0.186,0.221,0.327,0.293,0.184,0.175,0.265,0.216,0.287,0.121,0.133,0.089,0.099,0.044,0.1,0.057,0.093,0.057,0.09,0.11,0.106,0.095,0.106,0.094,0.079,0.075,0.132,0.082,0.082,0.085,0.116,0.099,0.094,0.107,0.104,0.129
647,0.276,0.231,0.199,0.235,0.351,0.311,0.201,0.196,0.285,0.232,0.297,0.135,0.139,0.098,0.109,0.056,0.107,0.07,0.098,0.071,0.09,0.115,0.115,0.106,0.113,0.101,0.075,0.077,0.129,0.09,0.081,0.097,0.128,0.096,0.1,0.118,0.121,0.145
648,0.31,0.256,0.226,0.267,0.387,0.347,0.226,0.21,0.315,0.261,0.332,0.143,0.156,0.105,0.125,0.063,0.113,0.076,0.105,0.078,0.102,0.133,0.121,0.12,0.122,0.112,0.089,0.084,0.143,0.101,0.084,0.105,0.136,0.108,0.115,0.132,0.127,0.155
649,0.341,0.285,0.25,0.295,0.421,0.386,0.255,0.245,0.351,0.297,0.364,0.163,0.165,0.115,0.136,0.066,0.129,0.087,0.11,0.085,0.11,0.146,0.135,0.127,0.122,0.122,0.088,0.093,0.143,0.111,0.093,0.116,0.148,0.112,0.124,0.148,0.146,0.169
650,0.374,0.321,0.284,0.332,0.465,0.429,0.286,0.27,0.387,0.338,0.404,0.187,0.181,0.131,0.147,0.076,0.149,0.089,0.128,0.095,0.115,0.15,0.142,0.133,0.139,0.129,0.101,0.097,0.154,0.117,0.101,0.125,0.163,0.129,0.124,0.159,0.158,0.188
651,0.42,0.36,0.307,0.37,0.514,0.474,0.308,0.304,0.44,0.367,0.451,0.199,0.2,0.142,0.156,0.1,0.166,0.105,0.134,0.112,0.129,0.167,0.156,0.146,0.15,0.145,0.101,0.105,0.166,0.125,0.112,0.147,0.179,0.141,0.142,0.186,0.183,0.205
652,0.474,0.392,0.338,0.408,0.572,0.531,0.348,0.33,0.48,0.405,0.489,0.217,0.215,0.165,0.176,0.112,0.176,0.125,0.156,0.131,0.131,0.174,0.168,0.155,0.158,0.157,0.111,0.114,0.17,0.134,0.122,0.166,0.184,0.152,0.15,0.211,0.208,0.218
653,0.538,0.442,0.381,0.458,0.645,0.591,0.382,0.376,0.535,0.456,0.561,0.246,0.232,0.18,0.194,0.134,0.202,0.135,0.162,0.141,0.145,0.195,0.186,0.172,0.178,0.167,0.123,0.122,0.196,0.148,0.124,0.186,0.209,0.17,0.172,0.236,0.232,0.246
654,0.606,0.509,0.43,0.514,0.719,0.667,0.43,0.424,0.61,0.517,0.622,0.271,0.265,0.203,0.214,0.153,0.224,0.156,0.186,0.161,0.165,0.221,0.206,0.185,0.195,0.184,0.131,0.131,0.202,0.16,0.139,0.21,0.233,0.18,0.188,0.277,0.258,0.271
655,0.669,0.559,0.47,0.563,0.791,0.74,0.479,0.47,0.669,0.572,0.682,0.294,0.297,0.221,0.242,0.173,0.245,0.183,0.197,0.179,0.174,0.234,0.219,0.215,0.212,0.206,0.143,0.146,0.226,0.189,0.157,0.233,0.251,0.202,0.205,0.305,0.291,0.293
656,0.741,0.616,0.531,0.634,0.875,0.82,0.533,0.528,0.756,0.644,0.757,0.318,0.324,0.243,0.263,0.203,0.269,0.197,0.215,0.201,0.19,0.254,0.24,0.226,0.236,0.228,0.152,0.161,0.245,0.206,0.171,0.257,0.275,0.216,0.234,0.35,0.317,0.32
657,0.808,0.686,0.579,0.694,0.968,0.908,0.582,0.589,0.832,0.704,0.838,0.358,0.352,0.265,0.291,0.215,0.302,0.22,0.233,0.212,0.206,0.273,0.252,0.245,0.266,0.254,0.181,0.174,0.28,0.226,0.195,0.28,0.305,0.244,0.253,0.383,0.354,0.354
658,0.879,0.746,0.624,0.75,1.041,0.969,0.63,0.632,0.897,0.764,0.895,0.377,0.384,0.29,0.307,0.245,0.312,0.239,0.252,0.238,0.221,0.293,0.275,0.264,0.274,0.263,0.187,0.186,0.29,0.239,0.209,0.308,0.32,0.26,0.271,0.414,0.381,0.367
659,0.936,0.786,0.664,0.801,1.097,1.04,0.667,0.669,0.952,0.82,0.959,0.406,0.4,0.299,0.322,0.266,0.336,0.258,0.256,0.254,0.236,0.306,0.288,0.275,0.299,0.277,0.199,0.191,0.313,0.253,0.233,0.331,0.34,0.288,0.286,0.442,0.408,0.397
660,1,0.847,0.704,0.845,1.172,1.11,0.705,0.719,1.028,0.872,1.022,0.425,0.425,0.314,0.351,0.282,0.352,0.281,0.264,0.269,0.241,0.32,0.298,0.287,0.306,0.297,0.206,0.206,0.323,0.266,0.233,0.353,0.357,0.292,0.3,0.472,0.44,0.412
661,1.038,0.868,0.743,0.883,1.231,1.162,0.739,0.745,1.057,0.908,1.079,0.436,0.44,0.326,0.36,0.29,0.364,0.278,0.275,0.28,0.24,0.327,0.309,0.295,0.315,0.3,0.209,0.21,0.336,0.278,0.239,0.357,0.361,0.3,0.309,0.489,0.448,0.428
662,1.054,0.889,0.746,0.896,1.26,1.193,0.746,0.762,1.082,0.917,1.101,0.449,0.45,0.322,0.369,0.3,0.369,0.296,0.279,0.282,0.251,0.329,0.311,0.298,0.324,0.315,0.218,0.216,0.337,0.289,0.243,0.371,0.368,0.307,0.324,0.498,0.459,0.434
663,1.072,0.9,0.759,0.905,1.281,1.192,0.752,0.771,1.095,0.932,1.115,0.445,0.454,0.333,0.371,0.307,0.366,0.299,0.291,0.287,0.261,0.335,0.321,0.305,0.326,0.312,0.22,0.22,0.344,0.292,0.247,0.381,0.37,0.307,0.323,0.513,0.465,0.431
664,1.057,0.908,0.751,0.891,1.272,1.192,0.744,0.767,1.096,0.923,1.107,0.445,0.449,0.318,0.372,0.308,0.365,0.295,0.275,0.284,0.247,0.331,0.308,0.302,0.325,0.312,0.213,0.216,0.342,0.288,0.248,0.38,0.368,0.309,0.324,0.505,0.462,0.426
665,1.028,0.874,0.733,0.873,1.257,1.17,0.728,0.752,1.067,0.904,1.1,0.429,0.446,0.321,0.359,0.29,0.352,0.286,0.275,0.272,0.25,0.328,0.302,0.303,0.324,0.301,0.211,0.21,0.339,0.283,0.238,0.37,0.359,0.306,0.309,0.492,0.449,0.423
666,1.004,0.854,0.711,0.838,1.215,1.127,0.702,0.734,1.039,0.872,1.054,0.413,0.425,0.309,0.337,0.279,0.344,0.277,0.267,0.265,0.24,0.312,0.297,0.293,0.321,0.294,0.215,0.202,0.339,0.279,0.24,0.357,0.346,0.302,0.309,0.477,0.435,0.405
667,0.933,0.792,0.667,0.792,1.14,1.056,0.663,0.678,0.964,0.817,0.998,0.386,0.407,0.287,0.332,0.262,0.325,0.256,0.252,0.249,0.231,0.296,0.271,0.273,0.295,0.276,0.197,0.193,0.313,0.264,0.217,0.338,0.334,0.278,0.29,0.448,0.411,0.386
668,0.87,0.739,0.619,0.726,1.066,0.987,0.608,0.638,0.903,0.748,0.933,0.364,0.385,0.273,0.312,0.245,0.3,0.232,0.238,0.229,0.226,0.287,0.264,0.261,0.273,0.258,0.183,0.183,0.302,0.255,0.2,0.315,0.305,0.264,0.274,0.415,0.382,0.357
669,0.802,0.689,0.578,0.675,0.993,0.91,0.575,0.594,0.831,0.698,0.871,0.331,0.359,0.242,0.289,0.232,0.273,0.223,0.22,0.22,0.199,0.258,0.234,0.243,0.256,0.248,0.173,0.176,0.28,0.234,0.189,0.302,0.283,0.238,0.257,0.39,0.351,0.326
670,0.718,0.613,0.509,0.607,0.899,0.816,0.515,0.531,0.745,0.625,0.795,0.3,0.325,0.223,0.257,0.201,0.251,0.197,0.2,0.192,0.182,0.233,0.22,0.23,0.236,0.22,0.153,0.16,0.254,0.214,0.178,0.266,0.257,0.217,0.23,0.341,0.313,0.295
671,0.651,0.556,0.462,0.546,0.815,0.739,0.46,0.474,0.679,0.553,0.716,0.268,0.299,0.196,0.232,0.193,0.224,0.187,0.177,0.183,0.154,0.208,0.19,0.201,0.216,0.201,0.148,0.141,0.244,0.196,0.165,0.253,0.236,0.207,0.21,0.314,0.294,0.271
672,0.582,0.507,0.421,0.485,0.734,0.665,0.412,0.442,0.62,0.501,0.644,0.243,0.27,0.176,0.217,0.16,0.203,0.16,0.164,0.161,0.15,0.196,0.181,0.187,0.199,0.177,0.14,0.135,0.22,0.175,0.142,0.216,0.216,0.181,0.194,0.272,0.254,0.248
673,0.505,0.427,0.361,0.413,0.644,0.578,0.359,0.363,0.529,0.432,0.574,0.209,0.239,0.157,0.193,0.135,0.172,0.135,0.141,0.137,0.133,0.174,0.164,0.167,0.171,0.159,0.116,0.119,0.192,0.16,0.129,0.192,0.187,0.161,0.168,0.234,0.226,0.214
674,0.438,0.374,0.32,0.363,0.561,0.498,0.308,0.321,0.464,0.377,0.495,0.188,0.217,0.139,0.168,0.113,0.147,0.122,0.117,0.122,0.123,0.156,0.146,0.161,0.153,0.15,0.105,0.11,0.179,0.147,0.119,0.168,0.168,0.145,0.157,0.211,0.197,0.197
675,0.379,0.32,0.277,0.322,0.492,0.435,0.277,0.274,0.394,0.33,0.436,0.158,0.184,0.122,0.148,0.093,0.124,0.104,0.116,0.099,0.111,0.14,0.129,0.134,0.139,0.126,0.098,0.089,0.153,0.124,0.098,0.143,0.144,0.125,0.129,0.175,0.163,0.166
676,0.331,0.282,0.239,0.277,0.431,0.381,0.241,0.241,0.346,0.281,0.387,0.138,0.169,0.103,0.129,0.07,0.112,0.082,0.101,0.089,0.097,0.126,0.116,0.125,0.121,0.113,0.089,0.088,0.143,0.116,0.094,0.12,0.131,0.116,0.116,0.145,0.144,0.149
677,0.271,0.238,0.204,0.233,0.37,0.321,0.208,0.201,0.294,0.236,0.33,0.12,0.139,0.087,0.108,0.059,0.093,0.063,0.088,0.072,0.084,0.111,0.101,0.103,0.116,0.088,0.08,0.067,0.134,0.089,0.085,0.104,0.114,0.101,0.095,0.119,0.118,0.133
678,0.225,0.194,0.172,0.198,0.323,0.274,0.167,0.163,0.244,0.194,0.273,0.105,0.124,0.07,0.096,0.05,0.074,0.057,0.07,0.059,0.074,0.094,0.084,0.096,0.092,0.086,0.064,0.071,0.111,0.082,0.068,0.089,0.098,0.086,0.089,0.104,0.104,0.113
679,0.191,0.169,0.142,0.163,0.276,0.238,0.146,0.138,0.21,0.161,0.246,0.077,0.108,0.059,0.084,0.035,0.067,0.049,0.068,0.054,0.069,0.087,0.084,0.083,0.086,0.068,0.064,0.056,0.108,0.068,0.069,0.082,0.083,0.079,0.076,0.088,0.089,0.095
680,0.159,0.137,0.119,0.139,0.227,0.186,0.124,0.115,0.173,0.129,0.199,0.068,0.092,0.058,0.067,0.027,0.056,0.039,0.062,0.046,0.064,0.083,0.075,0.066,0.073,0.063,0.057,0.045,0.091,0.057,0.056,0.07,0.075,0.067,0.065,0.072,0.079,0.09
681,0.138,0.125,0.106,0.119,0.2,0.173,0.106,0.101,0.155,0.117,0.18,0.064,0.088,0.051,0.063,0.021,0.05,0.041,0.055,0.041,0.058,0.083,0.073,0.071,0.064,0.06,0.046,0.052,0.08,0.063,0.043,0.062,0.073,0.055,0.061,0.065,0.066,0.079
682,0.114,0.109,0.083,0.101,0.173,0.14,0.09,0.089,0.138,0.094,0.146,0.057,0.074,0.041,0.053,0.009,0.04,0.018,0.053,0.029,0.051,0.069,0.058,0.065,0.056,0.049,0.039,0.044,0.073,0.05,0.039,0.04,0.063,0.045,0.05,0.042,0.05,0.073
683,0.086,0.081,0.075,0.087,0.147,0.123,0.079,0.063,0.102,0.079,0.131,0.039,0.066,0.035,0.05,-0.002,0.035,0.012,0.047,0.021,0.05,0.066,0.062,0.051,0.052,0.05,0.036,0.041,0.069,0.045,0.037,0.038,0.059,0.042,0.048,0.026,0.049,0.064
684,0.079,0.074,0.063,0.074,0.13,0.107,0.066,0.062,0.094,0.064,0.111,0.048,0.06,0.027,0.04,-0.001,0.034,0.016,0.036,0.022,0.045,0.056,0.054,0.048,0.045,0.035,0.037,0.035,0.058,0.037,0.036,0.034,0.053,0.034,0.043,0.029,0.033,0.061
685,0.074,0.055,0.058,0.065,0.113,0.085,0.061,0.044,0.077,0.055,0.103,0.038,0.053,0.031,0.033,-0.008,0.03,0.003,0.047,0.014,0.047,0.06,0.049,0.041,0.039,0.034,0.034,0.032,0.057,0.031,0.026,0.029,0.052,0.036,0.036,0.021,0.026,0.057
686,0.062,0.047,0.055,0.064,0.098,0.083,0.059,0.034,0.071,0.048,0.079,0.037,0.044,0.027,0.029,-0.005,0.028,0.009,0.041,0.017,0.04,0.057,0.047,0.043,0.037,0.035,0.033,0.032,0.058,0.03,0.026,0.022,0.05,0.032,0.039,0.014,0.022,0.054
687,0.045,0.048,0.048,0.052,0.09,0.068,0.052,0.032,0.057,0.042,0.075,0.033,0.045,0.02,0.036,-0.011,0.019,0.001,0.034,0.011,0.039,0.051,0.039,0.039,0.046,0.036,0.031,0.032,0.054,0.026,0.031,0.014,0.039,0.031,0.036,0.012,0.021,0.047
688,0.043,0.036,0.039,0.042,0.078,0.063,0.041,0.028,0.053,0.035,0.072,0.032,0.044,0.012,0.027,-0.013,0.019,0.004,0.026,0.009,0.036,0.047,0.038,0.04,0.033,0.035,0.033,0.034,0.054,0.027,0.025,0.014,0.044,0.03,0.03,0.006,0.018,0.043
689,0.037,0.034,0.039,0.043,0.073,0.056,0.043,0.022,0.041,0.033,0.062,0.028,0.037,0.018,0.025,-0.014,0.01,0.001,0.03,0.008,0.03,0.043,0.039,0.037,0.037,0.03,0.029,0.032,0.052,0.021,0.025,0.02,0.034,0.031,0.027,0.009,0.021,0.041
690,0.028,0.034,0.038,0.04,0.07,0.049,0.035,0.024,0.045,0.026,0.054,0.032,0.034,0.016,0.018,-0.016,0.018,0.002,0.031,0.011,0.036,0.046,0.043,0.032,0.035,0.029,0.026,0.028,0.049,0.021,0.024,0.015,0.042,0.024,0.024,0.004,0.014,0.044
691,0.032,0.03,0.029,0.033,0.068,0.047,0.033,0.021,0.039,0.025,0.055,0.032,0.034,0.013,0.018,-0.019,0.017,-0.008,0.028,0.001,0.029,0.043,0.036,0.031,0.029,0.026,0.023,0.026,0.047,0.015,0.017,0.004,0.038,0.021,0.021,-0.005,0.01,0.045
692,0.032,0.03,0.023,0.033,0.061,0.04,0.027,0.019,0.037,0.015,0.044,0.021,0.039,0.011,0.019,-0.018,0.006,-0.007,0.028,0.005,0.028,0.042,0.029,0.034,0.037,0.022,0.023,0.032,0.046,0.02,0.017,0.011,0.03,0.023,0.022,0.004,0.015,0.033
693,0.026,0.025,0.028,0.031,0.057,0.038,0.032,0.018,0.037,0.022,0.052,0.024,0.034,0.011,0.016,-0.019,0.018,-0.006,0.027,0,0.027,0.045,0.042,0.028,0.024,0.026,0.019,0.03,0.04,0.021,0.018,0.011,0.036,0.016,0.025,0,0.008,0.036
694,0.023,0.024,0.028,0.027,0.046,0.032,0.032,0.015,0.034,0.019,0.039,0.017,0.037,0.012,0.021,-0.02,0.011,-0.005,0.021,0.003,0.022,0.041,0.033,0.036,0.034,0.031,0.024,0.031,0.041,0.022,0.026,0.009,0.033,0.021,0.03,0.001,0.013,0.037
695,0.022,0.022,0.022,0.025,0.053,0.035,0.026,0.004,0.034,0.016,0.044,0.023,0.034,0.009,0.017,-0.023,0.014,-0.009,0.025,-0.004,0.027,0.04,0.038,0.028,0.021,0.029,0.017,0.026,0.038,0.019,0.016,0.007,0.04,0.02,0.024,-0.002,0.008,0.035
696,0.018,0.025,0.023,0.024,0.053,0.041,0.025,0.015,0.035,0.014,0.044,0.02,0.031,0.013,0.013,-0.017,0.011,0,0.019,0.005,0.022,0.036,0.032,0.031,0.03,0.021,0.023,0.024,0.045,0.023,0.019,0.018,0.03,0.02,0.02,0.008,0.015,0.036
697,0.025,0.019,0.015,0.022,0.044,0.029,0.024,0.012,0.031,0.014,0.034,0.019,0.033,0.005,0.014,-0.019,0.007,-0.001,0.023,0.003,0.026,0.042,0.031,0.03,0.025,0.022,0.026,0.023,0.044,0.011,0.02,0.015,0.031,0.019,0.02,0.006,0.017,0.029
698,0.019,0.016,0.012,0.022,0.04,0.028,0.025,0.005,0.028,0.012,0.033,0.02,0.031,0.01,0.014,-0.018,0.013,-0.002,0.025,-0.001,0.026,0.042,0.034,0.022,0.03,0.019,0.025,0.021,0.047,0.018,0.019,0.016,0.033,0.025,0.017,0.002,0.009,0.031
699,0.021,0.027,0.024,0.028,0.047,0.033,0.024,0.015,0.026,0.013,0.036,0.025,0.035,0.008,0.015,-0.023,0.01,-0.005,0.015,0,0.026,0.039,0.031,0.027,0.021,0.021,0.018,0.023,0.035,0.016,0.018,0.005,0.035,0.016,0.024,-0.001,0.007,0.036
700,0.023,0.019,0.02,0.017,0.052,0.036,0.012,0.002,0.026,0.007,0.042,0.018,0.027,0.011,0.013,-0.011,0.006,0.002,0.013,0.012,0.031,0.036,0.028,0.028,0.033,0.017,0.027,0.01,0.047,0.019,0.024,0.022,0.033,0.027,0.017,0.006,0.017,0.032
701,0.017,0.016,0.024,0.024,0.041,0.027,0.027,0.007,0.028,0.015,0.037,0.016,0.029,0.009,0.014,-0.015,0.009,-0.003,0.018,0.003,0.03,0.033,0.036,0.032,0.028,0.024,0.017,0.02,0.035,0.02,0.019,0.019,0.034,0.019,0.019,0.005,0.016,0.036
702,0.018,0.022,0.025,0.024,0.042,0.035,0.022,0.008,0.024,0.003,0.032,0.023,0.023,0.013,0.015,-0.019,0.013,-0.003,0.021,0.002,0.031,0.036,0.033,0.03,0.027,0.023,0.015,0.018,0.039,0.011,0.009,0.016,0.037,0.012,0.019,0.003,0.016,0.037
703,0.006,0.019,0.026,0.022,0.031,0.024,0.027,0.008,0.036,0.011,0.029,0.016,0.023,-0.005,0.02,-0.013,0.005,0.001,0.017,0.005,0.026,0.038,0.031,0.026,0.015,0.025,0.015,0.02,0.034,0.013,0.01,0.017,0.029,0.015,0.021,0.001,0.014,0.033
704,0.019,0.013,0.017,0.02,0.042,0.028,0.021,0.008,0.019,0.012,0.037,0.021,0.028,0.01,0.015,-0.016,0.012,-0.003,0.021,0,0.033,0.036,0.036,0.032,0.029,0.02,0.022,0.018,0.039,0.018,0.021,0.015,0.034,0.015,0.011,0.001,0.013,0.04
705,0.016,0.014,0.016,0.021,0.034,0.028,0.021,0.009,0.024,0.01,0.031,0.015,0.029,0.008,0.014,-0.023,0.001,-0.005,0.021,-0.001,0.025,0.038,0.028,0.024,0.018,0.026,0.017,0.023,0.033,0.019,0.017,0.014,0.027,0.015,0.018,-0.004,0.009,0.029
706,0.008,0.014,0.021,0.024,0.044,0.033,0.023,0.006,0.023,0.012,0.037,0.016,0.024,0.007,0.007,-0.022,0.006,-0.008,0.022,-0.008,0.027,0.036,0.032,0.024,0.028,0.019,0.025,0.019,0.044,0.012,0.019,0.007,0.029,0.014,0.015,-0.009,0.004,0.027
707,0.015,0.01,0.017,0.017,0.042,0.031,0.019,0.002,0.026,0.008,0.03,0.013,0.025,0,0.015,-0.028,0.007,-0.011,0.021,-0.007,0.022,0.038,0.03,0.031,0.029,0.018,0.022,0.021,0.04,0.015,0.023,0.003,0.031,0.015,0.015,-0.007,0.001,0.024
708,0.012,0.013,0.019,0.017,0.034,0.021,0.023,0.003,0.016,0.007,0.033,0.022,0.03,0.007,0.017,-0.023,0.004,-0.008,0.019,-0.003,0.025,0.038,0.031,0.024,0.028,0.024,0.02,0.018,0.041,0.015,0.019,0.014,0.031,0.016,0.019,0.002,0.014,0.033
709,0.008,0.01,0.021,0.02,0.033,0.025,0.019,0.002,0.02,0.01,0.034,0.019,0.03,0.009,0.016,-0.017,0.003,-0.009,0.025,-0.003,0.032,0.039,0.03,0.024,0.03,0.021,0.024,0.024,0.035,0.017,0.018,0.008,0.023,0.019,0.021,-0.001,0.016,0.03
710,0.019,0.009,0.01,0.016,0.044,0.029,0.015,0.005,0.021,0.005,0.036,0.02,0.023,0.009,0.009,-0.022,0.011,-0.005,0.019,-0.001,0.029,0.032,0.033,0.02,0.032,0.013,0.021,0.011,0.039,0.009,0.014,0.009,0.035,0.018,0.017,0,0.013,0.035
711,0.017,0.009,0.018,0.014,0.042,0.033,0.021,0,0.015,0.009,0.037,0.019,0.021,0.002,0.01,-0.019,0.005,-0.005,0.015,0,0.022,0.039,0.029,0.021,0.026,0.015,0.02,0.019,0.04,0.014,0.007,0.012,0.033,0.014,0.016,0.001,0.011,0.037
712,0.015,0.012,0.016,0.014,0.037,0.026,0.018,0.002,0.014,0.01,0.035,0.02,0.031,-0.004,0.012,-0.025,0.006,-0.006,0.017,-0.008,0.02,0.038,0.029,0.028,0.024,0.021,0.015,0.022,0.04,0.018,0.017,0.012,0.03,0.009,0.022,0.002,0.009,0.031
713,0.01,0.022,0.018,0.021,0.036,0.024,0.026,0.017,0.032,0.019,0.027,0.016,0.032,0.006,0.009,-0.016,0.004,-0.005,0.017,-0.004,0.026,0.037,0.029,0.022,0.03,0.021,0.025,0.019,0.036,0.013,0.022,0.01,0.027,0.018,0.019,-0.003,0.014,0.025
714,0.01,0.014,0.015,0.015,0.045,0.03,0.018,0,0.018,0.009,0.04,0.017,0.024,0.004,0.012,-0.024,-0.002,-0.005,0.011,-0.004,0.026,0.036,0.027,0.022,0.02,0.015,0.019,0.012,0.035,0.016,0.01,0.008,0.031,0.006,0.012,-0.003,0.002,0.026
715,0.006,0.018,0.017,0.017,0.033,0.028,0.023,0.009,0.028,0.007,0.028,0.02,0.026,0.003,0.012,-0.02,0.007,-0.006,0.017,-0.005,0.025,0.036,0.029,0.019,0.02,0.017,0.018,0.011,0.039,0.011,0.016,0.01,0.033,0.011,0.02,0,0.008,0.028
716,0.013,0.014,0.008,0.006,0.023,0.017,0.016,0.005,0.022,0.002,0.024,0.019,0.024,0.002,0.007,-0.022,0.004,-0.01,0.016,-0.001,0.022,0.027,0.022,0.025,0.023,0.016,0.015,0.01,0.029,0.016,0.007,0.009,0.033,0.006,0.013,-0.001,0.012,0.027
717,0.01,0.012,0.011,0.017,0.031,0.029,0.023,0.01,0.015,0.003,0.035,0.023,0.029,0.001,0.012,-0.016,0.009,-0.01,0.011,-0.004,0.022,0.028,0.026,0.019,0.022,0.017,0.017,0.016,0.037,0.012,0.018,0.011,0.034,0.012,0.015,0,0.015,0.032
718,0.011,0.017,0.01,0.017,0.035,0.024,0.023,0.01,0.028,0.003,0.028,0.02,0.02,0.003,0.004,-0.011,0.007,-0.01,0.021,0.003,0.025,0.037,0.026,0.02,0.016,0.013,0.011,0.012,0.033,0.015,0.006,0.017,0.03,0.009,0.014,0.003,0.017,0.035
719,0.013,0.011,0.01,0.008,0.041,0.035,0.012,-0.001,0.015,0,0.041,0.019,0.032,-0.001,0.011,-0.014,0.002,0.002,0.014,0.007,0.019,0.031,0.03,0.033,0.02,0.02,0.012,0.023,0.034,0.017,0.011,0.015,0.026,0.009,0.021,0.003,0.019,0.032
720,0.013,0.011,0.005,0.016,0.026,0.019,0.014,0.011,0.02,0.001,0.025,0.011,0.027,0,0.006,-0.013,-0.001,-0.005,0.018,0,0.024,0.03,0.021,0.024,0.022,0.013,0.017,0.009,0.036,0.008,0.016,0.019,0.031,0.015,0.017,0.003,0.014,0.021
721,0.007,0.013,0.012,0.023,0.041,0.029,0.018,0.005,0.023,0.01,0.033,0.014,0.027,0.007,0.001,-0.018,0.005,-0.005,0.015,0,0.021,0.038,0.027,0.019,0.022,0.017,0.016,0.016,0.029,0.016,0.013,0.017,0.034,0.008,0.015,0.001,0.018,0.033
722,0.014,0.003,0.011,0.015,0.031,0.018,0.014,0.004,0.019,0.004,0.027,0.015,0.016,-0.006,0.004,-0.016,-0.001,-0.004,0.014,-0.001,0.018,0.029,0.023,0.018,0.02,0.011,0.019,0.012,0.035,0.01,0.016,0.008,0.032,0.01,0.016,0.001,0.01,0.033
723,0.013,0.009,0.016,0.019,0.029,0.029,0.019,0.003,0.016,0.001,0.03,0.013,0.026,0.001,0.008,-0.016,0.007,-0.006,0.013,-0.003,0.021,0.033,0.027,0.025,0.026,0.016,0.021,0.016,0.036,0.015,0.016,0.014,0.028,0.017,0.017,-0.002,0.01,0.029
724,0.016,0.015,0.018,0.019,0.033,0.029,0.022,0.01,0.02,0.008,0.025,0.013,0.027,-0.001,0.014,-0.017,0.004,-0.01,0.015,-0.005,0.022,0.032,0.024,0.02,0.026,0.017,0.021,0.021,0.038,0.016,0.016,0.007,0.027,0.009,0.017,-0.005,0.013,0.032
725,0.022,0.014,0.013,0.009,0.032,0.025,0.013,0.005,0.019,0.006,0.023,0.013,0.025,-0.002,0.011,-0.02,0.008,-0.011,0.022,0.001,0.027,0.032,0.028,0.02,0.026,0.016,0.024,0.018,0.04,0.015,0.016,0.013,0.027,0.016,0.016,-0.005,0.007,0.031
726,0.013,0.011,0.018,0.019,0.031,0.024,0.019,0,0.02,0.007,0.025,0.011,0.024,0.001,0.008,-0.01,0,-0.008,0.013,-0.007,0.012,0.029,0.021,0.025,0.014,0.016,0.01,0.018,0.034,0.011,0.009,0.015,0.03,0.008,0.016,0.006,0.009,0.033
727,0.012,0.01,0.019,0.016,0.035,0.028,0.021,0.003,0.02,0.009,0.026,0.016,0.023,0.006,0.01,-0.014,0.003,0,0.023,0.005,0.029,0.04,0.032,0.023,0.013,0.013,0.012,0.012,0.036,0.011,0.012,0.017,0.024,0.01,0.015,0.005,0.014,0.026
728,0.016,0.016,0.01,0.014,0.023,0.022,0.013,0.003,0.018,0.006,0.019,0.017,0.024,0.005,0.005,-0.015,0.004,-0.002,0.019,-0.006,0.023,0.027,0.029,0.02,0.025,0.016,0.02,0.019,0.038,0.015,0.013,0.014,0.028,0.01,0.018,-0.002,0.01,0.031
729,0.019,0.017,0.011,0.015,0.026,0.02,0.016,0.007,0.021,0.004,0.023,0.016,0.021,0.005,0.007,-0.018,0.004,-0.012,0.017,-0.003,0.019,0.025,0.027,0.018,0.028,0.012,0.025,0.017,0.029,0.014,0.016,0.012,0.03,0.014,0.019,-0.005,0.007,0.03
730,0.011,0.016,0.013,0.014,0.033,0.019,0.022,0.012,0.015,0.004,0.029,0.006,0.026,0,0.014,-0.008,0,0.004,0.008,0.005,0.018,0.026,0.024,0.013,0.023,0.018,0.016,0.019,0.034,0.016,0.008,0.017,0.023,0.014,0.02,0.006,0.016,0.021
731,0.009,0.008,0.014,0.016,0.037,0.027,0.02,-0.002,0.018,0.008,0.032,0.018,0.021,0.007,0.007,-0.012,0.011,-0.002,0.017,0,0.027,0.034,0.028,0.019,0.022,0.012,0.013,0.017,0.03,0.012,0.008,0.018,0.028,0.005,0.019,0.001,0.015,0.03
732,0.012,0.017,0.012,0.008,0.026,0.023,0.017,0.012,0.019,0.008,0.025,0.009,0.031,0.008,0.017,-0.018,0.001,-0.007,0.015,-0.005,0.021,0.031,0.029,0.025,0.022,0.022,0.015,0.024,0.036,0.021,0.012,0.011,0.025,0.014,0.022,-0.003,0.009,0.025
733,0.012,0.012,0.013,0.018,0.036,0.022,0.014,0.004,0.016,0.009,0.024,0.013,0.027,-0.001,0.008,-0.017,0.007,-0.004,0.007,-0.001,0.019,0.029,0.026,0.019,0.014,0.015,0.016,0.016,0.034,0.011,0.015,0.015,0.018,0.009,0.014,0,0.017,0.031
734,0.017,0.015,0.012,0.016,0.027,0.026,0.021,0.015,0.024,0.005,0.026,0.02,0.03,0.001,0.014,-0.011,0.009,-0.006,0.016,0.002,0.024,0.032,0.026,0.022,0.022,0.012,0.018,0.014,0.04,0.015,0.019,0.015,0.032,0.012,0.016,0.008,0.016,0.027
735,0.014,0.007,0.009,0.013,0.036,0.026,0.011,-0.002,0.019,0.008,0.025,0.018,0.023,0.011,0.005,-0.012,0.004,-0.003,0.026,-0.002,0.028,0.04,0.032,0.022,0.015,0.013,0.01,0.014,0.031,0.013,0.011,0.014,0.033,0.004,0.01,0.003,0.016,0.03
736,0.014,0.016,0.009,0.012,0.025,0.028,0.011,0.008,0.017,0.001,0.031,0.014,0.024,0.007,0.008,-0.012,-0.002,-0.006,0.014,0.004,0.024,0.036,0.024,0.016,0.024,0.011,0.018,0.017,0.032,0.008,0.013,0.019,0.026,0.016,0.009,0.004,0.014,0.029
737,0.008,0.015,0.012,0.019,0.033,0.026,0.012,-0.004,0.01,0.001,0.026,0.004,0.021,-0.002,0.007,-0.02,0.001,-0.003,0.012,-0.008,0.019,0.031,0.017,0.015,0.02,0.01,0.014,0.017,0.029,0.013,0.005,0.01,0.024,0.008,0.013,-0.001,0.009,0.025
738,0.012,0.009,0.015,0.017,0.038,0.032,0.019,0.004,0.018,0.007,0.034,0.015,0.028,0.002,0.008,-0.018,0.005,-0.001,0.015,-0.003,0.02,0.029,0.023,0.022,0.024,0.019,0.016,0.017,0.036,0.014,0.014,0.013,0.025,0.015,0.017,0.002,0.01,0.027
739,0.003,0.009,0.011,0.016,0.031,0.022,0.021,0.001,0.016,0.014,0.026,0.017,0.021,0.004,0.008,-0.011,0.005,0,0.018,0.001,0.018,0.032,0.028,0.021,0.023,0.011,0.017,0.021,0.032,0.012,0.018,0.013,0.028,0.018,0.018,0.002,0.019,0.03
740,0.005,0.004,0.014,0.018,0.038,0.023,0.021,0.004,0.016,0.012,0.031,0.018,0.023,0.005,0.009,-0.015,0.004,-0.002,0.016,0.003,0.021,0.029,0.021,0.021,0.027,0.006,0.017,0.02,0.033,0.009,0.018,0.015,0.032,0.012,0.015,0.003,0.013,0.027
741,0.01,0.011,0.013,0.012,0.033,0.021,0.018,0.006,0.013,0.009,0.023,0.018,0.02,0.005,0.003,-0.016,0.004,-0.004,0.018,0.003,0.02,0.032,0.024,0.016,0.017,0.01,0.015,0.015,0.028,0.008,0.01,0.018,0.026,0.009,0.009,0.003,0.022,0.031
742,0.016,0.009,0.013,0.013,0.029,0.017,0.02,0.01,0.02,0.008,0.021,0.026,0.019,0.006,0.006,-0.012,0.015,0,0.016,0.001,0.023,0.035,0.031,0.017,0.019,0.009,0.017,0.021,0.029,0.018,0.01,0.016,0.034,0.011,0.012,0.003,0.021,0.036
743,0.015,0.009,0.013,0.012,0.037,0.029,0.02,0.004,0.011,0.005,0.025,0.013,0.02,0.002,0.009,-0.005,0.004,0.007,0.017,0.008,0.019,0.035,0.026,0.019,0.023,0.014,0.018,0.018,0.031,0.011,0.015,0.023,0.022,0.01,0.016,0.016,0.019,0.02
744,0.011,0.012,0.012,0.02,0.025,0.024,0.022,-0.003,0.018,0.006,0.027,0.015,0.027,0.004,0.007,-0.013,0.004,-0.001,0.015,0.005,0.024,0.036,0.028,0.019,0.021,0.014,0.017,0.022,0.033,0.016,0.017,0.011,0.031,0.01,0.02,0.004,0.015,0.026
745,0.008,0.009,0.015,0.015,0.019,0.014,0.023,-0.002,0.014,0.005,0.02,0.01,0.018,0.006,0.005,-0.009,0.005,0.002,0.022,0.006,0.019,0.034,0.029,0.014,0.023,0.008,0.016,0.015,0.034,0.005,0.016,0.02,0.02,0.012,0.009,0.006,0.02,0.023
746,0.004,0.019,0.014,0.006,0.028,0.023,0.017,0.007,0.016,0.006,0.022,0.018,0.028,0.004,0.013,-0.012,-0.001,0.003,0.017,0.01,0.018,0.033,0.023,0.03,0.025,0.016,0.019,0.026,0.033,0.018,0.016,0.024,0.029,0.012,0.019,0.014,0.022,0.024
747,0.005,0.013,0.012,0.013,0.021,0.017,0.01,0.004,0.015,-0.004,0.02,0.01,0.019,0.008,-0.001,-0.008,0.001,0.002,0.015,0.009,0.018,0.033,0.028,0.016,0.02,0.012,0.019,0.014,0.036,0.008,0.013,0.026,0.026,0.012,0.011,0.006,0.024,0.019
748,0.007,0.009,0.012,0.014,0.027,0.028,0.021,-0.001,0.015,0.004,0.025,0.01,0.028,0.007,0.017,-0.007,0.007,0.009,0.016,0.011,0.019,0.028,0.028,0.026,0.019,0.02,0.019,0.026,0.038,0.019,0.012,0.029,0.029,0.01,0.022,0.017,0.025,0.033
749,0.005,0.009,0.017,0.019,0.029,0.021,0.024,0.007,0.014,0.011,0.025,0.011,0.027,0.003,0.008,-0.006,0,-0.001,0.013,0.001,0.023,0.03,0.024,0.023,0.015,0.014,0.01,0.018,0.02,0.015,0.006,0.024,0.027,0.008,0.013,0.009,0.022,0.025
750,0.011,0.016,0.005,-0.003,0.031,0.019,0.009,0.011,0.022,-0.003,0.021,0.012,0.02,0.005,0.006,-0.008,0.002,0.001,0.019,0.008,0.021,0.031,0.027,0.018,0.025,0.01,0.021,0.016,0.034,0.008,0.013,0.02,0.021,0.016,0.01,0.007,0.018,0.023